,batsman,batsman_runs,no.of_balls,dismissals_count,matches_played,strike_rate,batting_average,batting_team,no_of_fours,no_of_sixes,boundary_percentage,no_of_100s,no_of_50s
0,SK Raina,4548,3369,134.0,157,134.99554764024933,33.940298507462686,['Gujarat Lions' 'Chennai Super Kings'],402,174,58.31134564643799,1,32
1,V Kohli,4423,3494,118.0,141,126.58843732112193,37.483050847457626,['Royal Challengers Bangalore'],384,160,56.432285778883106,4,35
2,RG Sharma,4207,3274,129.0,153,128.49725106902872,32.6124031007752,['Mumbai Indians' 'Sunrisers Hyderabad'],354,173,58.33135250772522,1,33
3,G Gambhir,4132,3433,131.0,146,120.36120011651616,31.541984732824428,['Kolkata Knight Riders' 'Delhi Capitals'],484,58,55.27589545014521,0,35
4,DA Warner,4014,2902,100.0,114,138.3184011026878,40.14,['Sunrisers Hyderabad' 'Delhi Capitals'],401,160,63.876432486297965,3,39
5,RV Uthappa,3778,2960,128.0,143,127.63513513513513,29.515625,"['Kolkata Knight Riders' 'Mumbai Indians' 'Royal Challengers Bangalore'
 'Pune Warriors']",377,125,59.76707252514558,0,22
6,CH Gayle,3651,2532,89.0,100,144.19431279620852,41.02247191011236,['Royal Challengers Bangalore' 'Kolkata Knight Riders'],297,266,76.253081347576,5,27
7,S Dhawan,3561,3005,109.0,126,118.50249584026622,32.669724770642205,['Sunrisers Hyderabad' 'Delhi Capitals' 'Mumbai Indians'],401,71,57.006458859870826,0,28
8,MS Dhoni,3560,2680,94.0,143,132.8358208955224,37.87234042553192,['Rising Pune Supergiant' 'Chennai Super Kings'],251,156,54.49438202247191,0,17
9,AB de Villiers,3486,2402,91.0,118,145.12905911740216,38.30769230769231,['Royal Challengers Bangalore' 'Delhi Capitals'],287,158,60.12621916236374,3,26
10,AM Rahane,3057,2602,91.0,105,117.48654880860876,33.59340659340659,['Rising Pune Supergiant' 'Mumbai Indians' 'Rajasthan Royals'],320,60,53.64736669937847,1,26
11,YK Pathan,2922,2076,98.0,133,140.75144508670522,29.816326530612244,['Kolkata Knight Riders' 'Rajasthan Royals'],240,149,63.44969199178645,1,15
12,KD Karthik,2903,2360,117.0,134,123.00847457627117,24.811965811965813,"['Gujarat Lions' 'Delhi Capitals' 'Punjab Kings' 'Mumbai Indians'
 'Royal Challengers Bangalore']",286,71,54.081984154323116,0,14
13,BB McCullum,2755,2181,98.0,103,126.31820265933058,28.112244897959183,"['Gujarat Lions' 'Kolkata Knight Riders' 'Kochi Tuskers Kerala'
 'Chennai Super Kings']",277,124,67.22323049001815,2,15
14,V Sehwag,2728,1833,99.0,104,148.82705946535734,27.555555555555557,['Delhi Capitals' 'Punjab Kings'],334,106,72.28739002932552,2,18
15,SR Watson,2628,1949,85.0,98,134.83837865572087,30.91764705882353,['Royal Challengers Bangalore' 'Rajasthan Royals'],258,122,67.12328767123287,2,16
16,Yuvraj Singh,2591,2050,101.0,116,126.39024390243902,25.653465346534652,"['Sunrisers Hyderabad' 'Punjab Kings' 'Pune Warriors'
 'Royal Challengers Bangalore' 'Delhi Capitals']",205,141,64.29949826321884,0,12
17,M Vijay,2511,2092,95.0,99,120.02868068833652,26.431578947368422,['Chennai Super Kings' 'Delhi Capitals' 'Punjab Kings'],237,89,59.02031063321386,2,15
18,SE Marsh,2489,1913,63.0,69,130.10977522216413,39.507936507936506,['Punjab Kings'],269,78,62.03294495781439,1,21
19,JH Kallis,2427,2291,85.0,95,105.93627237014405,28.55294117647059,['Royal Challengers Bangalore' 'Kolkata Knight Riders'],255,44,52.90482076637824,0,17
20,AT Rayudu,2416,1964,89.0,105,123.0142566191446,27.146067415730336,['Mumbai Indians'],205,79,53.55960264900662,0,14
21,DR Smith,2385,1803,84.0,88,132.27953410981698,28.392857142857142,"['Gujarat Lions' 'Mumbai Indians' 'Sunrisers Hyderabad'
 'Chennai Super Kings']",245,117,70.52410901467505,0,17
22,KA Pollard,2354,1674,82.0,112,140.62126642771804,28.70731707317073,['Mumbai Indians'],158,148,64.57094307561597,0,12
23,SR Tendulkar,2334,2044,69.0,78,114.18786692759295,33.82608695652174,['Mumbai Indians'],296,29,58.183376178234795,1,14
24,PA Patel,2322,2060,107.0,116,112.71844660194175,21.700934579439252,"['Mumbai Indians' 'Chennai Super Kings' 'Kochi Tuskers Kerala'
 'Sunrisers Hyderabad' 'Royal Challengers Bangalore']",297,35,60.20671834625323,0,10
25,MK Pandey,2223,1901,78.0,95,116.93845344555498,28.5,"['Kolkata Knight Riders' 'Mumbai Indians' 'Royal Challengers Bangalore'
 'Pune Warriors']",197,65,52.991452991452995,1,10
26,R Dravid,2174,1918,77.0,82,113.34723670490095,28.233766233766232,['Royal Challengers Bangalore' 'Rajasthan Royals'],269,28,57.22171113155474,0,11
27,AC Gilchrist,2069,1555,76.0,80,133.05466237942122,27.223684210526315,['Sunrisers Hyderabad' 'Punjab Kings'],239,92,72.88545190913484,2,13
28,JP Duminy,1993,1634,50.0,73,121.97062423500613,39.86,['Mumbai Indians' 'Sunrisers Hyderabad' 'Delhi Capitals'],123,78,48.1685900652283,0,14
29,MEK Hussey,1977,1648,51.0,58,119.96359223300972,38.76470588235294,['Chennai Super Kings' 'Mumbai Indians'],198,52,55.84218512898331,1,16
30,DPMD Jayawardene,1808,1522,64.0,78,118.7910643889619,28.25,['Punjab Kings' 'Kochi Tuskers Kerala' 'Delhi Capitals'],200,40,57.52212389380531,1,11
31,RA Jadeja,1732,1458,72.0,108,118.79286694101509,24.055555555555557,"['Gujarat Lions' 'Rajasthan Royals' 'Kochi Tuskers Kerala'
 'Chennai Super Kings']",125,57,48.61431870669746,0,0
32,SPD Smith,1713,1333,46.0,62,128.50712678169543,37.23913043478261,['Rising Pune Supergiant' 'Pune Warriors' 'Rajasthan Royals'],151,45,51.021599532983075,1,6
33,KC Sangakkara,1687,1424,65.0,68,118.4691011235955,25.953846153846154,['Punjab Kings' 'Sunrisers Hyderabad'],195,27,55.838767042086545,0,10
34,MK Tiwary,1648,1444,56.0,79,114.12742382271468,29.428571428571427,['Rising Pune Supergiant' 'Delhi Capitals' 'Kolkata Knight Riders'],152,39,51.09223300970874,0,7
35,AJ Finch,1604,1270,59.0,64,126.2992125984252,27.1864406779661,"['Gujarat Lions' 'Rajasthan Royals' 'Delhi Capitals' 'Pune Warriors'
 'Sunrisers Hyderabad' 'Mumbai Indians']",170,59,64.46384039900249,0,13
36,DA Miller,1563,1135,45.0,64,137.7092511013216,34.733333333333334,['Punjab Kings'],104,78,56.557901471529114,1,9
37,WP Saha,1557,1219,61.0,78,127.72764561115667,25.524590163934427,['Punjab Kings' 'Kolkata Knight Riders' 'Chennai Super Kings'],130,57,55.362877328195246,1,7
38,NV Ojha,1553,1356,74.0,93,114.52802359882006,20.986486486486488,['Sunrisers Hyderabad' 'Rajasthan Royals' 'Delhi Capitals'],121,79,61.687057308435286,0,6
39,S Badrinath,1441,1245,47.0,65,115.74297188755021,30.659574468085108,['Chennai Super Kings'],154,28,54.406662040249834,0,11
40,SV Samson,1426,1165,56.0,62,122.40343347639484,25.464285714285715,['Delhi Capitals' 'Rajasthan Royals'],112,57,55.39971949509116,1,8
41,BJ Hodge,1400,1153,42.0,63,121.42237640936686,33.333333333333336,['Kolkata Knight Riders' 'Kochi Tuskers Kerala' 'Rajasthan Royals'],122,43,53.28571428571428,0,6
42,SC Ganguly,1349,1326,53.0,56,101.73453996983409,25.452830188679247,['Kolkata Knight Riders' 'Pune Warriors'],137,42,59.30318754633062,0,7
43,DJ Hussey,1322,1101,49.0,61,120.07266121707538,26.979591836734695,['Kolkata Knight Riders' 'Punjab Kings' 'Chennai Super Kings'],90,60,54.46293494704992,0,5
44,F du Plessis,1295,1043,43.0,46,124.16107382550337,30.11627906976744,['Rising Pune Supergiant' 'Chennai Super Kings'],110,38,51.58301158301158,0,8
45,SS Tiwary,1276,1111,45.0,64,114.85148514851484,28.355555555555554,"['Mumbai Indians' 'Royal Challengers Bangalore' 'Delhi Capitals'
 'Rising Pune Supergiant']",93,45,50.313479623824456,0,7
46,DJ Bravo,1262,1032,55.0,81,122.28682170542635,22.945454545454545,['Mumbai Indians' 'Chennai Super Kings' 'Gujarat Lions'],102,48,55.150554675118855,0,4
47,GJ Maxwell,1229,780,49.0,55,157.56410256410257,25.081632653061224,['Punjab Kings' 'Delhi Capitals' 'Mumbai Indians'],96,82,71.27746135069162,0,6
48,KK Nair,1158,929,46.0,50,124.65016146393972,25.17391304347826,['Delhi Capitals' 'Royal Challengers Bangalore' 'Rajasthan Royals'],135,26,60.10362694300518,0,8
49,TM Dilshan,1153,1047,43.0,50,110.12416427889207,26.813953488372093,['Delhi Capitals' 'Royal Challengers Bangalore'],140,24,61.05810928013877,0,9
50,IK Pathan,1150,985,53.0,82,116.75126903553299,21.69811320754717,"['Gujarat Lions' 'Punjab Kings' 'Delhi Capitals' 'Sunrisers Hyderabad'
 'Rising Pune Supergiant']",88,38,50.43478260869565,0,1
51,Mandeep Singh,1112,938,55.0,58,118.5501066098081,20.21818181818182,['Royal Challengers Bangalore' 'Kolkata Knight Riders' 'Punjab Kings'],134,18,57.9136690647482,0,5
52,ML Hayden,1107,839,31.0,32,131.94278903456495,35.70967741935484,['Chennai Super Kings'],121,44,67.57000903342367,0,8
53,LMP Simmons,1079,878,27.0,29,122.89293849658314,39.96296296296296,['Mumbai Indians'],109,44,64.87488415199259,1,12
54,LRPL Taylor,1017,847,40.0,54,120.07083825265643,25.425,"['Royal Challengers Bangalore' 'Rajasthan Royals' 'Delhi Capitals'
 'Pune Warriors']",66,46,53.09734513274337,0,3
55,KP Pietersen,1001,758,28.0,36,132.05804749340368,35.75,['Royal Challengers Bangalore' 'Delhi Capitals' 'Rising Pune Supergiant'],91,40,60.33966033966034,1,5
56,Y Venugopal Rao,985,865,44.0,52,113.87283236994219,22.386363636363637,['Sunrisers Hyderabad' 'Delhi Capitals'],77,37,53.80710659898477,0,3
57,JA Morkel,975,712,40.0,67,136.93820224719101,24.375,"['Chennai Super Kings' 'Royal Challengers Bangalore' 'Delhi Capitals'
 'Rising Pune Supergiant']",61,55,58.87179487179487,0,3
58,A Symonds,974,781,27.0,36,124.71190781049937,36.074074074074076,['Sunrisers Hyderabad' 'Mumbai Indians'],74,41,55.64681724845995,1,6
59,CL White,971,774,36.0,45,125.45219638242895,26.97222222222222,['Royal Challengers Bangalore' 'Sunrisers Hyderabad'],76,38,54.78887744593203,0,6
60,MC Henriques,969,769,34.0,50,126.00780234070221,28.5,"['Sunrisers Hyderabad' 'Kolkata Knight Riders' 'Delhi Capitals'
 'Royal Challengers Bangalore']",87,27,52.63157894736842,0,5
61,M Vohra,957,750,39.0,41,127.60000000000001,24.53846153846154,['Punjab Kings'],95,35,61.650992685475444,0,3
62,KM Jadhav,893,684,38.0,57,130.55555555555557,23.5,['Royal Challengers Bangalore' 'Delhi Capitals' 'Kochi Tuskers Kerala'],72,33,54.42329227323628,0,3
63,HH Gibbs,886,837,32.0,36,105.8542413381123,27.6875,['Sunrisers Hyderabad' 'Mumbai Indians'],83,31,58.465011286681715,0,6
64,EJG Morgan,854,725,40.0,45,117.79310344827587,21.35,"['Punjab Kings' 'Royal Challengers Bangalore' 'Kolkata Knight Riders'
 'Sunrisers Hyderabad']",72,34,57.61124121779859,0,4
65,MA Agarwal,814,692,46.0,48,117.6300578034682,17.695652173913043,['Rising Pune Supergiant' 'Royal Challengers Bangalore' 'Delhi Capitals'],82,33,64.61916461916462,0,3
66,SS Iyer,807,655,29.0,32,123.20610687022902,27.82758620689655,['Delhi Capitals'],79,32,62.949194547707556,0,6
67,Harbhajan Singh,799,591,51.0,82,135.19458544839256,15.666666666666666,['Mumbai Indians'],76,41,68.8360450563204,0,1
68,MS Bisla,798,737,38.0,39,108.27679782903662,21.0,['Punjab Kings' 'Kolkata Knight Riders' 'Royal Challengers Bangalore'],93,23,63.90977443609023,0,4
69,ST Jayasuriya,768,573,28.0,30,134.03141361256544,27.428571428571427,['Mumbai Indians'],84,39,74.21875,1,5
70,STR Binny,766,619,38.0,56,123.74798061389339,20.157894736842106,['Royal Challengers Bangalore' 'Mumbai Indians' 'Rajasthan Royals'],59,29,53.52480417754569,0,0
71,GC Smith,739,691,26.0,29,106.9464544138929,28.423076923076923,['Rajasthan Royals' 'Pune Warriors'],94,9,58.18673883626523,0,4
72,Q de Kock,726,566,25.0,26,128.26855123674912,29.04,['Sunrisers Hyderabad' 'Delhi Capitals'],90,21,66.94214876033058,1,6
73,KL Rahul,725,592,24.0,30,122.46621621621621,30.208333333333332,['Royal Challengers Bangalore' 'Sunrisers Hyderabad'],61,24,53.51724137931034,0,4
74,AD Mathews,724,599,31.0,41,120.86811352253757,23.35483870967742,['Delhi Capitals' 'Kolkata Knight Riders' 'Pune Warriors'],44,29,48.34254143646409,0,1
75,TL Suman,676,587,32.0,39,115.1618398637138,21.125,['Sunrisers Hyderabad' 'Mumbai Indians' 'Pune Warriors'],55,26,55.62130177514793,0,2
76,AM Nayar,672,588,38.0,50,114.28571428571428,17.68421052631579,['Mumbai Indians' 'Punjab Kings' 'Pune Warriors' 'Rajasthan Royals'],55,20,50.595238095238095,0,0
77,GJ Bailey,663,552,27.0,36,120.1086956521739,24.555555555555557,['Chennai Super Kings' 'Punjab Kings' 'Rising Pune Supergiant'],59,19,52.79034690799397,0,2
78,SA Yadav,608,479,29.0,42,126.93110647181629,20.96551724137931,['Kolkata Knight Riders' 'Mumbai Indians'],54,21,56.25,0,1
79,AR Patel,606,494,30.0,42,122.67206477732793,20.2,['Punjab Kings'],34,28,50.165016501650165,0,0
80,JD Ryder,604,466,28.0,29,129.6137339055794,21.571428571428573,['Royal Challengers Bangalore' 'Pune Warriors'],69,19,64.56953642384106,0,4
81,HM Amla,577,418,13.0,16,138.03827751196172,44.38461538461539,['Punjab Kings'],60,21,63.43154246100519,2,5
82,AD Russell,574,350,22.0,25,164.0,26.09090909090909,['Delhi Capitals' 'Kolkata Knight Riders'],48,37,72.12543554006969,0,3
83,RR Pant,564,381,22.0,24,148.03149606299212,25.636363636363637,['Delhi Capitals'],47,30,65.24822695035462,0,3
84,RS Bopara,531,468,18.0,22,113.46153846153845,29.5,['Punjab Kings' 'Sunrisers Hyderabad'],39,16,47.45762711864407,0,3
85,JC Buttler,528,375,22.0,24,140.79999999999998,24.0,['Mumbai Indians'],50,26,67.42424242424242,0,1
86,JP Faulkner,527,406,26.0,45,129.80295566502463,20.26923076923077,['Gujarat Lions' 'Punjab Kings' 'Rajasthan Royals'],36,23,53.510436432637576,0,0
87,CJ Anderson,521,414,19.0,26,125.84541062801932,27.42105263157895,['Delhi Capitals' 'Mumbai Indians'],40,30,65.25911708253359,0,3
88,PP Chawla,515,467,42.0,65,110.27837259100643,12.261904761904763,['Kolkata Knight Riders' 'Punjab Kings'],49,15,55.533980582524265,0,0
89,M Manhas,514,486,23.0,38,105.76131687242798,22.347826086956523,['Delhi Capitals' 'Pune Warriors' 'Chennai Super Kings'],43,10,45.13618677042802,0,0
90,OA Shah,506,405,15.0,22,124.93827160493827,33.733333333333334,['Kolkata Knight Riders' 'Kochi Tuskers Kerala' 'Rajasthan Royals'],34,23,54.1501976284585,0,4
91,PC Valthaty,505,432,22.0,23,116.89814814814814,22.954545454545453,['Rajasthan Royals' 'Punjab Kings'],61,20,72.07920792079207,1,3
92,Shakib Al Hasan,500,401,24.0,32,124.68827930174564,20.833333333333332,['Kolkata Knight Riders'],44,15,53.2,0,2
93,KH Pandya,480,313,14.0,19,153.3546325878594,34.285714285714285,['Mumbai Indians'],46,20,63.33333333333333,0,1
94,CH Morris,439,275,12.0,28,159.63636363636365,36.583333333333336,['Delhi Capitals' 'Chennai Super Kings' 'Rajasthan Royals'],33,23,61.50341685649203,0,2
95,N Rana,437,355,14.0,15,123.09859154929576,31.214285714285715,['Mumbai Indians'],31,25,62.70022883295194,0,4
96,NLTC Perera,424,326,22.0,30,130.06134969325154,19.272727272727273,"['Kochi Tuskers Kerala' 'Mumbai Indians' 'Sunrisers Hyderabad'
 'Punjab Kings' 'Rising Pune Supergiant']",23,26,58.490566037735846,0,0
97,SA Asnodkar,423,352,20.0,19,120.17045454545455,21.15,['Rajasthan Royals'],56,10,67.13947990543736,0,2
98,DT Christian,420,351,23.0,31,119.65811965811966,18.26086956521739,"['Rising Pune Supergiant' 'Sunrisers Hyderabad'
 'Royal Challengers Bangalore']",22,18,46.666666666666664,0,0
99,JR Hopes,417,314,16.0,19,132.80254777070064,26.0625,['Punjab Kings' 'Delhi Capitals'],49,11,62.829736211031175,0,4
100,KS Williamson,411,325,13.0,15,126.46153846153847,31.615384615384617,['Sunrisers Hyderabad'],35,11,50.121654501216554,0,3
101,J Botha,409,364,20.0,28,112.36263736263736,20.45,['Rajasthan Royals' 'Delhi Capitals' 'Kolkata Knight Riders'],39,5,45.47677261613692,0,1
102,HH Pandya,406,306,19.0,33,132.6797385620915,21.36842105263158,['Mumbai Indians'],24,28,65.02463054187191,0,1
103,LR Shukla,405,358,27.0,33,113.12849162011173,15.0,['Kolkata Knight Riders' 'Delhi Capitals'],33,16,56.2962962962963,0,0
104,AL Menaria,401,367,21.0,23,109.26430517711172,19.095238095238095,['Rajasthan Royals'],24,18,50.87281795511222,0,0
105,MV Boucher,394,318,14.0,23,123.89937106918238,28.142857142857142,['Royal Challengers Bangalore' 'Kolkata Knight Riders'],32,13,52.28426395939086,0,1
106,RA Tripathi,391,275,14.0,14,142.1818181818182,27.928571428571427,['Rising Pune Supergiant'],43,17,70.076726342711,0,2
107,CA Pujara,390,403,19.0,22,96.7741935483871,20.526315789473685,['Kolkata Knight Riders' 'Royal Challengers Bangalore' 'Punjab Kings'],50,4,57.43589743589743,0,1
108,Azhar Mahmood,388,311,19.0,21,124.7588424437299,20.42105263157895,['Punjab Kings' 'Kolkata Knight Riders'],39,13,60.30927835051546,0,2
109,CA Lynn,384,260,10.0,12,147.6923076923077,38.4,['Kolkata Knight Riders' 'Sunrisers Hyderabad'],31,23,68.22916666666666,0,3
110,DB Ravi Teja,375,325,19.0,25,115.38461538461537,19.736842105263158,['Sunrisers Hyderabad'],35,9,51.733333333333334,0,1
111,DJ Hooda,373,277,26.0,30,134.65703971119135,14.346153846153847,['Sunrisers Hyderabad' 'Rajasthan Royals'],20,20,53.61930294906166,0,1
112,S Sohal,368,311,20.0,20,118.32797427652733,18.4,['Punjab Kings' 'Sunrisers Hyderabad'],34,18,66.30434782608695,0,2
113,P Negi,353,284,20.0,29,124.29577464788733,17.65,['Royal Challengers Bangalore' 'Delhi Capitals' 'Chennai Super Kings'],26,16,56.657223796033996,0,0
114,Gurkeerat Singh,342,280,21.0,24,122.14285714285715,16.285714285714285,['Punjab Kings'],36,9,57.89473684210527,0,1
115,R Bhatia,342,290,30.0,47,117.9310344827586,11.4,"['Rising Pune Supergiant' 'Delhi Capitals' 'Kolkata Knight Riders'
 'Rajasthan Royals']",24,13,50.877192982456144,0,0
116,A Mishra,340,382,29.0,49,89.00523560209425,11.724137931034482,['Delhi Capitals' 'Sunrisers Hyderabad'],27,5,40.588235294117645,0,0
117,P Kumar,340,323,38.0,57,105.26315789473684,8.947368421052632,"['Gujarat Lions' 'Royal Challengers Bangalore' 'Punjab Kings'
 'Mumbai Indians' 'Sunrisers Hyderabad']",22,17,55.88235294117647,0,0
118,AP Tare,339,285,24.0,27,118.94736842105263,14.125,['Delhi Capitals' 'Mumbai Indians' 'Sunrisers Hyderabad'],40,11,66.66666666666666,0,1
119,JEC Franklin,327,309,11.0,16,105.8252427184466,29.727272727272727,['Mumbai Indians'],25,9,47.09480122324159,0,1
120,RN ten Doeschate,326,238,14.0,21,136.9747899159664,23.285714285714285,['Kolkata Knight Riders'],26,15,59.50920245398773,0,1
121,Ishan Kishan,319,255,15.0,15,125.09803921568627,21.266666666666666,['Gujarat Lions'],34,13,67.0846394984326,0,1
122,KV Sharma,317,285,21.0,34,111.22807017543859,15.095238095238095,['Mumbai Indians' 'Royal Challengers Bangalore' 'Sunrisers Hyderabad'],18,14,49.21135646687697,0,0
123,BA Stokes,316,227,10.0,11,139.20704845814979,31.6,['Rising Pune Supergiant'],22,15,56.32911392405063,1,2
124,DB Das,304,267,14.0,22,113.85767790262172,21.714285714285715,['Kolkata Knight Riders'],23,16,61.8421052631579,0,0
125,R Vinay Kumar,304,285,28.0,41,106.66666666666667,10.857142857142858,"['Royal Challengers Bangalore' 'Kochi Tuskers Kerala'
 'Kolkata Knight Riders' 'Mumbai Indians']",20,9,44.07894736842105,0,0
126,LA Pomersbach,302,251,11.0,16,120.3187250996016,27.454545454545453,['Punjab Kings' 'Royal Challengers Bangalore'],25,13,58.94039735099338,0,1
127,UBT Chand,300,314,20.0,20,95.54140127388536,15.0,['Delhi Capitals' 'Rajasthan Royals' 'Mumbai Indians'],32,9,60.66666666666667,0,1
128,DJG Sammy,295,251,15.0,20,117.52988047808766,19.666666666666668,['Sunrisers Hyderabad' 'Royal Challengers Bangalore'],15,18,56.949152542372886,0,1
129,Y Nagar,285,271,14.0,20,105.1660516605166,20.357142857142858,['Delhi Capitals'],20,9,47.01754385964912,0,0
130,VVS Laxman,282,271,19.0,20,104.0590405904059,14.842105263157896,['Sunrisers Hyderabad' 'Kochi Tuskers Kerala'],33,5,57.446808510638306,0,1
131,GH Vihari,280,323,18.0,21,86.687306501548,15.555555555555555,['Sunrisers Hyderabad'],23,1,35.0,0,0
132,A Ashish Reddy,280,196,15.0,23,142.85714285714286,18.666666666666668,['Sunrisers Hyderabad'],16,15,55.00000000000001,0,0
133,B Chipli,280,256,15.0,21,109.375,18.666666666666668,['Royal Challengers Bangalore' 'Sunrisers Hyderabad' 'Delhi Capitals'],28,7,55.00000000000001,0,1
134,MJ Lumb,278,198,12.0,12,140.4040404040404,23.166666666666668,['Rajasthan Royals' 'Sunrisers Hyderabad'],45,6,77.6978417266187,0,1
135,SP Narine,271,193,20.0,30,140.41450777202073,13.55,['Kolkata Knight Riders'],36,12,79.70479704797047,0,1
136,R Sathish,270,236,17.0,24,114.40677966101696,15.882352941176471,['Mumbai Indians' 'Punjab Kings' 'Kolkata Knight Riders'],22,6,45.925925925925924,0,0
137,M Kaif,259,258,18.0,22,100.3875968992248,14.38888888888889,['Rajasthan Royals' 'Punjab Kings' 'Royal Challengers Bangalore'],22,6,47.87644787644788,0,0
138,SM Katich,241,191,10.0,11,126.17801047120419,24.1,['Punjab Kings'],26,8,63.07053941908713,0,2
139,SP Goswami,241,260,15.0,16,92.6923076923077,16.066666666666666,['Royal Challengers Bangalore' 'Kolkata Knight Riders' 'Rajasthan Royals'],26,2,48.13278008298755,0,1
140,MD Mishra,237,213,16.0,17,111.26760563380283,14.8125,['Sunrisers Hyderabad' 'Pune Warriors'],24,8,60.75949367088608,0,0
141,R Ashwin,231,246,22.0,36,93.90243902439023,10.5,['Chennai Super Kings' 'Rising Pune Supergiant'],22,2,43.290043290043286,0,0
142,SW Billings,226,173,10.0,10,130.635838150289,22.6,['Delhi Capitals'],23,5,53.98230088495575,0,2
143,MR Marsh,225,201,12.0,14,111.94029850746267,18.75,['Sunrisers Hyderabad' 'Pune Warriors' 'Rising Pune Supergiant'],9,14,53.333333333333336,0,0
144,K Goel,218,239,15.0,16,91.21338912133892,14.533333333333333,['Punjab Kings'],17,9,55.96330275229357,0,0
145,AA Jhunjhunwala,217,218,13.0,15,99.54128440366972,16.692307692307693,['Rajasthan Royals' 'Pune Warriors' 'Sunrisers Hyderabad'],19,5,48.8479262672811,0,1
146,TM Head,205,151,7.0,10,135.76158940397352,29.285714285714285,['Royal Challengers Bangalore'],12,8,46.82926829268293,0,1
147,PD Collingwood,203,159,5.0,7,127.67295597484276,40.6,['Delhi Capitals'],9,13,56.15763546798029,0,3
148,SK Warne,198,219,20.0,27,90.41095890410958,9.9,['Rajasthan Royals'],14,6,46.464646464646464,0,0
149,SP Fleming,196,171,9.0,10,114.61988304093566,21.77777777777778,['Chennai Super Kings'],27,3,64.28571428571429,0,0
150,AS Raut,194,172,9.0,16,112.79069767441861,21.555555555555557,['Rajasthan Royals'],13,7,48.45360824742268,0,0
151,BJ Rohrer,193,146,7.0,8,132.1917808219178,27.571428571428573,['Delhi Capitals'],21,5,59.067357512953365,0,1
152,Salman Butt,193,172,7.0,7,112.20930232558139,27.571428571428573,['Kolkata Knight Riders'],30,2,68.39378238341969,0,1
153,YV Takawale,192,183,8.0,10,104.91803278688525,24.0,['Mumbai Indians' 'Royal Challengers Bangalore'],26,3,63.541666666666664,0,0
154,MJ Guptill,189,143,9.0,10,132.16783216783216,21.0,['Punjab Kings' 'Mumbai Indians'],20,8,67.72486772486772,0,1
155,Bipul Sharma,187,124,8.0,17,150.80645161290323,23.375,['Sunrisers Hyderabad' 'Punjab Kings'],11,9,52.406417112299465,0,0
156,FY Fazal,183,179,10.0,11,102.23463687150837,18.3,['Rajasthan Royals'],22,1,51.36612021857923,0,0
157,AC Voges,181,143,4.0,7,126.57342657342659,45.25,['Rajasthan Royals'],15,3,43.0939226519337,0,0
158,AB Agarkar,179,160,10.0,18,111.87499999999999,17.9,['Kolkata Knight Riders' 'Delhi Capitals'],13,5,45.81005586592179,0,0
159,MF Maharoof,177,124,10.0,14,142.74193548387098,17.7,['Delhi Capitals'],12,9,57.6271186440678,0,0
160,SN Khan,177,103,6.0,11,171.84466019417474,29.5,['Royal Challengers Bangalore'],19,6,63.2768361581921,0,0
161,DH Yagnik,170,142,10.0,17,119.71830985915493,17.0,['Rajasthan Royals'],23,2,61.1764705882353,0,0
162,CM Gautam,169,158,10.0,13,106.9620253164557,16.9,['Delhi Capitals' 'Mumbai Indians'],17,6,61.53846153846154,0,0
163,MN van Wyk,167,135,3.0,5,123.7037037037037,55.666666666666664,['Kolkata Knight Riders'],19,1,49.101796407185624,0,1
164,DW Steyn,166,161,22.0,32,103.1055900621118,7.545454545454546,['Royal Challengers Bangalore' 'Sunrisers Hyderabad' 'Gujarat Lions'],14,3,44.57831325301205,0,0
165,PA Reddy,164,167,10.0,10,98.20359281437125,16.4,['Sunrisers Hyderabad'],15,2,43.90243902439025,0,0
166,MP Stoinis,163,136,7.0,8,119.85294117647058,23.285714285714285,['Punjab Kings'],14,4,49.079754601226995,0,1
167,MN Samuels,161,174,13.0,14,92.52873563218391,12.384615384615385,['Delhi Capitals' 'Pune Warriors'],9,7,48.4472049689441,0,0
168,RE van der Merwe,159,144,11.0,15,110.41666666666667,14.454545454545455,['Royal Challengers Bangalore' 'Delhi Capitals'],11,8,57.861635220125784,0,0
169,R McLaren,159,178,8.0,13,89.32584269662921,19.875,['Mumbai Indians' 'Punjab Kings' 'Kolkata Knight Riders'],14,1,38.9937106918239,0,1
170,B Kumar,158,160,19.0,33,98.75,8.31578947368421,['Sunrisers Hyderabad' 'Pune Warriors'],15,3,49.36708860759494,0,0
171,R Dhawan,153,135,7.0,16,113.33333333333333,21.857142857142858,['Mumbai Indians' 'Punjab Kings'],13,4,49.673202614379086,0,0
172,MG Johnson,151,157,13.0,26,96.17834394904459,11.615384615384615,['Mumbai Indians' 'Punjab Kings'],8,7,49.00662251655629,0,0
173,SM Pollock,147,116,8.0,8,126.72413793103448,18.375,['Mumbai Indians'],12,8,65.3061224489796,0,0
174,S Vidyut,145,115,8.0,8,126.08695652173914,18.125,['Chennai Super Kings'],21,3,70.34482758620689,0,1
175,N Saini,140,143,10.0,10,97.9020979020979,14.0,['Punjab Kings'],16,0,45.714285714285715,0,1
176,Sachin Baby,137,106,8.0,10,129.24528301886792,17.125,['Royal Challengers Bangalore' 'Rajasthan Royals'],11,5,54.01459854014598,0,0
177,S Anirudha,136,121,8.0,12,112.39669421487604,17.0,['Chennai Super Kings' 'Sunrisers Hyderabad'],9,7,57.35294117647059,0,1
178,SB Styris,131,134,7.0,10,97.76119402985076,18.714285714285715,['Sunrisers Hyderabad' 'Chennai Super Kings'],10,3,44.274809160305345,0,0
179,W Jaffer,130,129,8.0,8,100.7751937984496,16.25,['Royal Challengers Bangalore'],14,3,56.92307692307692,0,1
180,Kamran Akmal,128,78,5.0,6,164.1025641025641,25.6,['Rajasthan Royals'],13,8,78.125,0,1
181,UT Khawaja,127,105,6.0,6,120.95238095238095,21.166666666666668,['Rising Pune Supergiant'],14,3,58.26771653543307,0,0
182,P Dogra,127,141,11.0,12,90.0709219858156,11.545454545454545,['Rajasthan Royals' 'Punjab Kings' 'Kolkata Knight Riders'],4,5,36.22047244094488,0,0
183,D Wiese,127,94,4.0,8,135.1063829787234,31.75,['Royal Challengers Bangalore'],12,4,56.69291338582677,0,0
184,C de Grandhomme,126,92,8.0,9,136.95652173913044,15.75,['Kolkata Knight Riders'],10,6,60.317460317460316,0,0
185,M Morkel,126,93,11.0,20,135.48387096774192,11.454545454545455,['Rajasthan Royals' 'Delhi Capitals' 'Kolkata Knight Riders'],11,5,58.730158730158735,0,0
186,MC Juneja,125,134,7.0,7,93.28358208955224,17.857142857142858,['Delhi Capitals'],11,1,40.0,0,0
187,BB Samantray,125,116,5.0,8,107.75862068965519,25.0,['Sunrisers Hyderabad'],13,2,51.2,0,1
188,BCJ Cutting,124,70,5.0,8,177.14285714285714,24.8,['Sunrisers Hyderabad' 'Rajasthan Royals'],9,10,77.41935483870968,0,0
189,B Lee,124,102,10.0,19,121.56862745098039,12.4,['Punjab Kings' 'Kolkata Knight Riders'],8,8,64.51612903225806,0,0
190,AB McDonald,123,103,5.0,9,119.41747572815532,24.6,['Delhi Capitals' 'Royal Challengers Bangalore'],9,4,48.78048780487805,0,0
191,DL Vettori,121,118,8.0,16,102.54237288135593,15.125,['Delhi Capitals' 'Royal Challengers Bangalore'],11,2,46.28099173553719,0,0
192,Niraj Patel,121,124,4.0,6,97.58064516129032,30.25,['Rajasthan Royals'],14,1,51.2396694214876,0,1
193,AC Blizzard,120,91,7.0,7,131.86813186813185,17.142857142857142,['Mumbai Indians'],21,2,80.0,0,1
194,RJ Harris,117,112,12.0,21,104.46428571428572,9.75,['Sunrisers Hyderabad' 'Punjab Kings'],6,3,35.8974358974359,0,0
195,Misbah-ul-Haq,117,82,7.0,8,142.6829268292683,16.714285714285715,['Royal Challengers Bangalore'],10,6,64.95726495726495,0,0
196,Z Khan,117,141,14.0,27,82.97872340425532,8.357142857142858,['Delhi Capitals' 'Royal Challengers Bangalore' 'Mumbai Indians'],11,2,47.863247863247864,0,0
197,KK Cooper,116,70,9.0,12,165.71428571428572,12.88888888888889,['Rajasthan Royals'],9,8,72.41379310344827,0,0
198,M Kartik,113,109,7.0,14,103.6697247706422,16.142857142857142,['Kolkata Knight Riders' 'Pune Warriors' 'Royal Challengers Bangalore'],7,1,30.08849557522124,0,0
199,MM Sharma,112,104,14.0,20,107.6923076923077,8.0,['Punjab Kings' 'Chennai Super Kings'],8,4,50.0,0,0
200,DJ Harris,111,103,4.0,4,107.76699029126213,27.75,['Sunrisers Hyderabad'],11,5,66.66666666666666,0,0
201,LJ Wright,106,63,5.0,5,168.25396825396825,21.2,['Pune Warriors'],16,3,77.35849056603774,0,0
202,JDP Oram,106,110,8.0,11,96.36363636363636,13.25,['Chennai Super Kings' 'Rajasthan Royals'],6,5,50.943396226415096,0,0
203,RJ Quiney,103,105,7.0,7,98.09523809523809,14.714285714285714,['Rajasthan Royals'],12,3,64.07766990291263,0,1
204,V Shankar,101,77,2.0,4,131.1688311688312,50.5,['Sunrisers Hyderabad'],12,1,53.46534653465347,0,1
205,MS Gony,99,76,10.0,15,130.26315789473685,9.9,['Chennai Super Kings' 'Sunrisers Hyderabad' 'Punjab Kings'],6,8,72.72727272727273,0,0
206,SD Chitnis,99,92,7.0,8,107.6086956521739,14.142857142857142,['Mumbai Indians' 'Rajasthan Royals' 'Punjab Kings'],10,2,52.52525252525253,0,0
207,MJ Clarke,98,96,6.0,6,102.08333333333333,16.333333333333332,['Pune Warriors'],12,0,48.97959183673469,0,0
208,CJ Ferguson,98,119,6.0,8,82.35294117647058,16.333333333333332,['Pune Warriors'],9,0,36.734693877551024,0,0
209,MA Starc,96,98,7.0,11,97.95918367346938,13.714285714285714,['Royal Challengers Bangalore'],10,0,41.66666666666667,0,0
210,CR Brathwaite,95,56,8.0,8,169.64285714285714,11.875,['Delhi Capitals'],8,8,84.21052631578947,0,0
211,UT Yadav,94,95,7.0,23,98.94736842105263,13.428571428571429,['Kolkata Knight Riders' 'Delhi Capitals'],8,3,53.191489361702125,0,0
212,PR Shah,92,97,8.0,9,94.84536082474226,11.5,['Mumbai Indians' 'Rajasthan Royals'],9,2,52.17391304347826,0,0
213,DJ Jacobs,92,101,7.0,7,91.0891089108911,13.142857142857142,['Mumbai Indians'],10,4,69.56521739130434,0,0
214,RT Ponting,91,129,9.0,9,70.54263565891473,10.11111111111111,['Kolkata Knight Riders' 'Mumbai Indians'],5,2,35.16483516483517,0,0
215,S Rana,91,82,4.0,8,110.97560975609757,22.75,['Pune Warriors' 'Royal Challengers Bangalore'],9,1,46.15384615384615,0,0
216,DS Kulkarni,90,101,8.0,16,89.10891089108911,11.25,['Gujarat Lions' 'Mumbai Indians' 'Rajasthan Royals'],6,2,40.0,0,0
217,Iqbal Abdulla,88,86,2.0,13,102.32558139534885,44.0,['Royal Challengers Bangalore' 'Kolkata Knight Riders'],9,1,47.72727272727273,0,0
218,SL Malinga,88,103,16.0,20,85.43689320388349,5.5,['Mumbai Indians'],6,5,61.36363636363637,0,0
219,Ankit Sharma,87,69,7.0,10,126.08695652173914,12.428571428571429,['Rising Pune Supergiant' 'Sunrisers Hyderabad' 'Rajasthan Royals'],7,4,59.77011494252874,0,0
220,AP Majumdar,87,77,4.0,4,112.98701298701299,21.75,['Pune Warriors'],7,2,45.97701149425287,0,0
221,RE Levi,83,74,6.0,6,112.16216216216218,13.833333333333334,['Mumbai Indians'],10,4,77.10843373493977,0,1
222,Shahid Afridi,81,46,8.0,9,176.08695652173913,10.125,['Sunrisers Hyderabad'],7,6,79.01234567901234,0,0
223,WPUJC Vaas,81,73,8.0,11,110.95890410958904,10.125,['Sunrisers Hyderabad'],2,3,32.098765432098766,0,0
224,LA Carseldine,81,71,4.0,5,114.08450704225352,20.25,['Rajasthan Royals'],11,0,54.32098765432099,0,0
225,AD Mascarenhas,79,79,9.0,11,100.0,8.777777777777779,['Rajasthan Royals' 'Punjab Kings'],5,1,32.91139240506329,0,0
226,PJ Cummins,77,56,6.0,9,137.5,12.833333333333334,['Delhi Capitals' 'Kolkata Knight Riders'],5,4,57.14285714285714,0,0
227,IR Jaggi,76,100,5.0,7,76.0,15.2,['Kolkata Knight Riders' 'Sunrisers Hyderabad'],6,0,31.57894736842105,0,0
228,B Akhil,76,57,6.0,11,133.33333333333331,12.666666666666666,['Royal Challengers Bangalore' 'Kochi Tuskers Kerala'],5,5,65.78947368421053,0,0
229,TR Birt,75,59,5.0,5,127.11864406779661,15.0,['Delhi Capitals'],9,2,64.0,0,0
230,RR Sarwan,73,78,4.0,4,93.58974358974359,18.25,['Punjab Kings'],6,1,41.0958904109589,0,0
231,M Klinger,73,78,4.0,4,93.58974358974359,18.25,['Kochi Tuskers Kerala'],9,0,49.31506849315068,0,0
232,AA Bilakhia,69,88,5.0,7,78.4090909090909,13.8,['Sunrisers Hyderabad'],5,0,28.985507246376812,0,0
233,RR Powar,67,64,3.0,9,104.6875,22.333333333333332,['Punjab Kings' 'Kochi Tuskers Kerala'],6,1,44.776119402985074,0,0
234,R Sharma,66,77,14.0,19,85.71428571428571,4.714285714285714,['Sunrisers Hyderabad' 'Pune Warriors'],5,3,57.57575757575758,0,0
235,Mohammad Hafeez,64,84,7.0,8,76.19047619047619,9.142857142857142,['Kolkata Knight Riders'],7,2,62.5,0,0
236,WD Parnell,63,80,9.0,12,78.75,7.0,['Pune Warriors' 'Delhi Capitals'],4,1,34.92063492063492,0,0
237,Anirudh Singh,63,69,4.0,4,91.30434782608695,15.75,['Sunrisers Hyderabad'],6,1,47.61904761904761,0,0
238,MJ McClenaghan,63,45,8.0,12,140.0,7.875,['Mumbai Indians'],2,6,69.84126984126983,0,0
239,A Flintoff,62,57,2.0,3,108.77192982456141,31.0,['Chennai Super Kings'],5,2,51.61290322580645,0,0
240,JJ Roy,59,41,2.0,3,143.90243902439025,29.5,['Gujarat Lions'],9,1,71.1864406779661,0,0
241,S Aravind,59,59,4.0,10,100.0,14.75,['Royal Challengers Bangalore'],7,0,47.45762711864407,0,0
242,WA Mota,56,76,6.0,8,73.68421052631578,9.333333333333334,['Punjab Kings'],2,0,14.285714285714285,0,0
243,K Rabada,55,68,3.0,3,80.88235294117648,18.333333333333332,['Delhi Capitals'],5,1,47.27272727272727,0,0
244,M Rawat,55,70,5.0,11,78.57142857142857,11.0,['Rajasthan Royals' 'Pune Warriors'],4,1,40.0,0,0
245,TG Southee,54,36,6.0,8,150.0,9.0,['Mumbai Indians' 'Rajasthan Royals'],3,3,55.55555555555556,0,0
246,RR Rossouw,53,51,5.0,5,103.921568627451,10.6,['Royal Challengers Bangalore'],3,3,56.60377358490566,0,0
247,A Chopra,53,75,6.0,6,70.66666666666667,8.833333333333334,['Kolkata Knight Riders'],7,0,52.83018867924528,0,0
248,AJ Tye,53,30,2.0,3,176.66666666666666,26.5,['Gujarat Lions'],4,3,64.15094339622641,0,0
249,RP Singh,52,78,15.0,28,66.66666666666666,3.466666666666667,['Sunrisers Hyderabad' 'Kochi Tuskers Kerala' 'Mumbai Indians'],2,1,26.923076923076923,0,0
250,NM Coulter-Nile,52,53,8.0,11,98.11320754716981,6.5,['Kolkata Knight Riders' 'Mumbai Indians' 'Delhi Capitals'],3,4,69.23076923076923,0,0
251,Shoaib Malik,52,49,4.0,5,106.12244897959184,13.0,['Delhi Capitals'],5,0,38.46153846153847,0,0
252,R Rampaul,51,52,5.0,7,98.07692307692307,10.2,['Royal Challengers Bangalore'],3,2,47.05882352941176,0,0
253,KB Arun Karthik,51,53,5.0,8,96.22641509433963,10.2,['Chennai Super Kings' 'Royal Challengers Bangalore'],4,1,43.13725490196079,0,0
254,RV Gomez,50,53,5.0,9,94.33962264150944,10.0,['Kochi Tuskers Kerala' 'Pune Warriors'],5,1,52.0,0,0
255,AS Yadav,49,40,5.0,6,122.50000000000001,9.8,['Sunrisers Hyderabad'],5,2,65.3061224489796,0,0
256,AG Paunikar,49,61,5.0,5,80.32786885245902,9.8,['Rajasthan Royals'],9,0,73.46938775510205,0,0
257,SB Bangar,49,58,7.0,7,84.48275862068965,7.0,['Sunrisers Hyderabad' 'Kolkata Knight Riders'],1,3,44.89795918367347,0,0
258,J Suchith,48,33,1.0,5,145.45454545454547,48.0,['Mumbai Indians'],4,2,58.333333333333336,0,0
259,HV Patel,47,38,9.0,12,123.6842105263158,5.222222222222222,['Royal Challengers Bangalore'],2,3,55.319148936170215,0,0
260,Yashpal Singh,47,67,4.0,4,70.1492537313433,11.75,['Kolkata Knight Riders'],5,0,42.5531914893617,0,0
261,Mohammed Shami,46,46,7.0,13,100.0,6.571428571428571,['Delhi Capitals' 'Kolkata Knight Riders'],4,2,60.86956521739131,0,0
262,VR Aaron,46,56,4.0,9,82.14285714285714,11.5,['Punjab Kings' 'Delhi Capitals' 'Royal Challengers Bangalore'],2,2,43.47826086956522,0,0
263,CR Woakes,46,47,4.0,7,97.87234042553192,11.5,['Kolkata Knight Riders'],4,1,47.82608695652174,0,0
264,I Sharma,45,59,6.0,17,76.27118644067797,7.5,['Punjab Kings' 'Kolkata Knight Riders' 'Sunrisers Hyderabad'],3,1,40.0,0,0
265,Sunny Singh,43,31,4.0,5,138.70967741935485,10.75,['Punjab Kings'],6,1,69.76744186046511,0,0
266,JDS Neesham,42,46,3.0,3,91.30434782608695,14.0,['Delhi Capitals'],3,1,42.857142857142854,0,0
267,AB Barath,42,43,2.0,3,97.67441860465115,21.0,['Punjab Kings'],5,1,61.904761904761905,0,0
268,SK Trivedi,42,61,7.0,14,68.85245901639344,6.0,['Rajasthan Royals'],3,1,42.857142857142854,0,0
269,A Nehra,41,63,7.0,17,65.07936507936508,5.857142857142857,"['Mumbai Indians' 'Delhi Capitals' 'Pune Warriors' 'Chennai Super Kings'
 'Sunrisers Hyderabad']",3,1,43.90243902439025,0,0
270,LPC Silva,40,27,2.0,3,148.14814814814815,20.0,['Sunrisers Hyderabad'],5,1,65.0,0,0
271,BR Dunk,40,36,3.0,3,111.11111111111111,13.333333333333334,['Mumbai Indians'],7,0,70.0,0,0
272,AUK Pathan,39,26,5.0,7,150.0,7.8,['Royal Challengers Bangalore'],5,2,82.05128205128204,0,0
273,DJ Thornely,39,54,3.0,4,72.22222222222221,13.0,['Mumbai Indians'],2,2,51.28205128205128,0,0
274,Umar Gul,39,19,3.0,4,205.26315789473685,13.0,['Kolkata Knight Riders'],1,5,87.17948717948718,0,0
275,MM Patel,39,41,6.0,12,95.1219512195122,6.5,['Gujarat Lions' 'Rajasthan Royals' 'Mumbai Indians'],5,0,51.28205128205128,0,0
276,SP Jackson,38,31,2.0,3,122.58064516129032,19.0,['Kolkata Knight Riders'],5,0,52.63157894736842,0,0
277,JO Holder,38,32,5.0,5,118.75,7.6,['Sunrisers Hyderabad' 'Kolkata Knight Riders'],4,2,73.68421052631578,0,0
278,S Narwal,37,29,3.0,4,127.58620689655173,12.333333333333334,['Rajasthan Royals' 'Kolkata Knight Riders'],6,0,64.86486486486487,0,0
279,AN Ahmed,36,27,1.0,6,133.33333333333331,36.0,['Mumbai Indians' 'Royal Challengers Bangalore'],4,1,61.111111111111114,0,0
280,L Balaji,36,50,8.0,13,72.0,4.5,['Chennai Super Kings' 'Kolkata Knight Riders' 'Punjab Kings'],2,1,38.88888888888889,0,0
281,Joginder Sharma,36,30,4.0,5,120.0,9.0,['Chennai Super Kings'],1,2,44.44444444444444,0,0
282,KW Richardson,36,39,3.0,4,92.3076923076923,12.0,['Pune Warriors' 'Rajasthan Royals' 'Royal Challengers Bangalore'],2,1,38.88888888888889,0,0
283,Sohail Tanvir,36,31,3.0,5,116.12903225806453,12.0,['Rajasthan Royals'],3,1,50.0,0,0
284,A Kumble,35,49,3.0,15,71.42857142857143,11.666666666666666,['Royal Challengers Bangalore'],3,0,34.285714285714285,0,0
285,B Sumanth,35,38,1.0,4,92.10526315789474,35.0,['Sunrisers Hyderabad'],3,0,34.285714285714285,0,0
286,R Tewatia,35,24,2.0,3,145.83333333333331,17.5,['Punjab Kings' 'Rajasthan Royals'],4,1,62.857142857142854,0,0
287,L Ronchi,34,37,5.0,5,91.8918918918919,6.8,['Mumbai Indians'],6,1,88.23529411764706,0,0
288,S Sreesanth,34,57,4.0,12,59.64912280701754,8.5,['Punjab Kings' 'Kochi Tuskers Kerala' 'Rajasthan Royals'],6,0,70.58823529411765,0,0
289,AP Dole,34,23,2.0,2,147.82608695652172,17.0,['Rajasthan Royals'],3,1,52.94117647058824,0,0
290,A Mithun,34,26,5.0,6,130.76923076923077,6.8,['Royal Challengers Bangalore'],4,1,64.70588235294117,0,0
291,Anureet Singh,33,43,4.0,7,76.74418604651163,8.25,['Punjab Kings'],2,1,42.42424242424242,0,0
292,D Salunkhe,33,24,2.0,3,137.5,16.5,['Rajasthan Royals'],5,0,60.60606060606061,0,0
293,RJ Peterson,32,32,3.0,5,100.0,10.666666666666666,['Mumbai Indians'],3,1,56.25,0,0
294,T Taibu,31,26,3.0,3,119.23076923076923,10.333333333333334,['Kolkata Knight Riders'],3,0,38.70967741935484,0,0
295,S Sriram,31,38,2.0,2,81.57894736842105,15.5,['Royal Challengers Bangalore' 'Delhi Capitals'],3,0,38.70967741935484,0,0
296,C Munro,30,31,3.0,3,96.7741935483871,10.0,['Kolkata Knight Riders'],3,0,40.0,0,0
297,J Syed Mohammad,29,27,2.0,5,107.40740740740742,14.5,['Royal Challengers Bangalore'],4,0,55.172413793103445,0,0
298,VH Zol,29,26,2.0,2,111.53846153846155,14.5,['Royal Challengers Bangalore'],3,1,62.06896551724138,0,0
299,SB Jakati,28,30,1.0,5,93.33333333333333,28.0,['Chennai Super Kings' 'Gujarat Lions'],3,0,42.857142857142854,0,0
300,Basil Thampi,28,30,0.0,5,93.33333333333333,inf,['Gujarat Lions'],1,1,35.714285714285715,0,0
301,JM Kemp,26,25,2.0,2,104.0,13.0,['Chennai Super Kings'],1,1,38.46153846153847,0,0
302,NL McCullum,26,23,1.0,2,113.04347826086956,26.0,['Pune Warriors'],0,1,23.076923076923077,0,0
303,AB Dinda,26,50,10.0,16,52.0,2.6,"['Rising Pune Supergiant' 'Kolkata Knight Riders' 'Delhi Capitals'
 'Pune Warriors' 'Royal Challengers Bangalore']",2,0,30.76923076923077,0,0
304,S Nadeem,26,71,12.0,16,36.61971830985916,2.1666666666666665,['Delhi Capitals'],1,0,15.384615384615385,0,0
305,Sandeep Sharma,26,36,1.0,11,72.22222222222221,26.0,['Punjab Kings'],1,0,15.384615384615385,0,0
306,A Choudhary,25,20,1.0,3,125.0,25.0,['Royal Challengers Bangalore'],1,1,40.0,0,0
307,JJ Bumrah,25,27,2.0,6,92.5925925925926,12.5,['Mumbai Indians'],1,1,40.0,0,0
308,S Chanderpaul,25,33,3.0,3,75.75757575757575,8.333333333333334,['Royal Challengers Bangalore'],4,0,64.0,0,0
309,MA Khote,24,22,2.0,3,109.09090909090908,12.0,['Mumbai Indians'],2,1,58.333333333333336,0,0
310,PJ Sangwan,24,36,6.0,12,66.66666666666666,4.0,['Gujarat Lions' 'Delhi Capitals' 'Kolkata Knight Riders'],1,0,16.666666666666664,0,0
311,ER Dwivedi,24,15,2.0,2,160.0,12.0,['Gujarat Lions'],2,2,83.33333333333334,0,0
312,SW Tait,23,26,3.0,5,88.46153846153845,7.666666666666667,['Rajasthan Royals'],1,1,43.47826086956522,0,0
313,NS Naik,23,33,2.0,2,69.6969696969697,11.5,['Punjab Kings'],1,0,17.391304347826086,0,0
314,BMAJ Mendis,23,27,3.0,3,85.18518518518519,7.666666666666667,['Delhi Capitals'],0,0,0.0,0,0
315,J Arunkumar,23,24,3.0,3,95.83333333333334,7.666666666666667,['Royal Challengers Bangalore'],5,0,86.95652173913044,0,0
316,MS Wade,22,33,3.0,3,66.66666666666666,7.333333333333333,['Delhi Capitals'],0,0,0.0,0,0
317,GB Hogg,22,22,3.0,4,100.0,7.333333333333333,['Rajasthan Royals' 'Kolkata Knight Riders'],1,0,18.181818181818183,0,0
318,CA Ingram,21,26,2.0,3,80.76923076923077,10.5,['Delhi Capitals'],2,0,38.095238095238095,0,0
319,DE Bollinger,21,23,1.0,4,91.30434782608695,21.0,['Chennai Super Kings'],1,1,47.61904761904761,0,0
320,Kuldeep Yadav,20,22,2.0,2,90.9090909090909,10.0,['Kolkata Knight Riders'],2,0,40.0,0,0
321,Harpreet Singh,20,26,2.0,3,76.92307692307693,10.0,['Pune Warriors'],0,0,0.0,0,0
322,NJ Maddinson,20,21,3.0,3,95.23809523809523,6.666666666666667,['Royal Challengers Bangalore'],4,0,80.0,0,0
323,RR Raje,20,18,1.0,5,111.11111111111111,20.0,['Mumbai Indians'],1,1,50.0,0,0
324,AD Nath,20,28,4.0,4,71.42857142857143,5.0,['Gujarat Lions'],1,0,20.0,0,0
325,AC Thomas,20,19,2.0,4,105.26315789473684,10.0,['Pune Warriors'],1,1,50.0,0,0
326,M Muralitharan,20,30,6.0,9,66.66666666666666,3.3333333333333335,"['Chennai Super Kings' 'Kochi Tuskers Kerala'
 'Royal Challengers Bangalore']",1,0,20.0,0,0
327,Vishnu Vinod,19,26,3.0,3,73.07692307692307,6.333333333333333,['Royal Challengers Bangalore'],1,1,52.63157894736842,0,0
328,A Mukund,19,23,2.0,2,82.6086956521739,9.5,['Chennai Super Kings' 'Royal Challengers Bangalore'],1,0,21.052631578947366,0,0
329,R Shukla,19,23,1.0,4,82.6086956521739,19.0,['Rajasthan Royals' 'Delhi Capitals'],2,0,42.10526315789473,0,0
330,R Bishnoi,19,17,3.0,3,111.76470588235294,6.333333333333333,['Royal Challengers Bangalore'],1,2,84.21052631578947,0,0
331,Y Gnaneswara Rao,19,18,1.0,1,105.55555555555556,19.0,['Kochi Tuskers Kerala'],3,0,63.1578947368421,0,0
332,DR Martyn,19,26,1.0,1,73.07692307692307,19.0,['Rajasthan Royals'],1,0,21.052631578947366,0,0
333,P Sahu,19,13,1.0,2,146.15384615384613,19.0,['Punjab Kings'],1,1,52.63157894736842,0,0
334,JJ van der Wath,18,17,2.0,3,105.88235294117648,9.0,['Royal Challengers Bangalore'],1,1,55.55555555555556,0,0
335,Imran Tahir,18,25,4.0,6,72.0,4.5,['Rising Pune Supergiant' 'Delhi Capitals'],3,0,66.66666666666666,0,0
336,Harmeet Singh,18,12,4.0,4,150.0,4.5,['Sunrisers Hyderabad' 'Punjab Kings'],3,0,66.66666666666666,0,0
337,PV Tambe,18,39,2.0,6,46.15384615384615,9.0,['Rajasthan Royals' 'Gujarat Lions'],1,0,22.22222222222222,0,0
338,BJ Haddin,18,11,1.0,1,163.63636363636365,18.0,['Kolkata Knight Riders'],2,1,77.77777777777779,0,0
339,DS Lehmann,18,19,2.0,2,94.73684210526315,9.0,['Rajasthan Royals'],3,0,66.66666666666666,0,0
340,Parvez Rasool,17,20,2.0,4,85.0,8.5,['Pune Warriors' 'Sunrisers Hyderabad' 'Royal Challengers Bangalore'],1,0,23.52941176470588,0,0
341,CK Kapugedera,16,24,3.0,3,66.66666666666666,5.333333333333333,['Chennai Super Kings'],0,0,0.0,0,0
342,PP Ojha,16,45,12.0,19,35.55555555555556,1.3333333333333333,['Sunrisers Hyderabad' 'Mumbai Indians'],0,0,0.0,0,0
343,SA Abbott,15,13,2.0,2,115.38461538461537,7.5,['Royal Challengers Bangalore'],1,1,66.66666666666666,0,0
344,KC Cariappa,15,18,3.0,4,83.33333333333334,5.0,['Punjab Kings'],0,1,40.0,0,0
345,GR Napier,15,16,1.0,1,93.75,15.0,['Mumbai Indians'],1,0,26.666666666666668,0,0
346,VY Mahesh,15,28,2.0,5,53.57142857142857,7.5,['Delhi Capitals'],0,0,0.0,0,0
347,YS Chahal,15,29,3.0,8,51.724137931034484,5.0,['Royal Challengers Bangalore'],0,0,0.0,0,0
348,C Madan,15,21,1.0,1,71.42857142857143,15.0,['Mumbai Indians'],3,0,80.0,0,0
349,S Gopal,14,27,2.0,3,51.85185185185185,7.0,['Mumbai Indians'],1,0,28.57142857142857,0,0
350,F Behardien,14,13,2.0,3,107.6923076923077,7.0,['Punjab Kings'],2,0,57.14285714285714,0,0
351,DL Chahar,14,6,1.0,1,233.33333333333334,14.0,['Rising Pune Supergiant'],0,2,85.71428571428571,0,0
352,MDKJ Perera,14,13,2.0,2,107.6923076923077,7.0,['Rajasthan Royals'],3,0,85.71428571428571,0,0
353,DT Patil,13,13,2.0,2,100.0,6.5,['Royal Challengers Bangalore'],1,0,30.76923076923077,0,0
354,S Badree,13,25,5.0,5,52.0,2.6,['Royal Challengers Bangalore'],0,0,0.0,0,0
355,KJ Abbott,13,8,1.0,3,162.5,13.0,['Punjab Kings'],0,1,46.15384615384615,0,0
356,K Upadhyay,12,9,0.0,2,133.33333333333331,inf,['Pune Warriors'],0,1,50.0,0,0
357,Swapnil Singh,12,20,3.0,3,60.0,4.0,['Punjab Kings'],0,0,0.0,0,0
358,DAJ Bracewell,12,9,0.0,1,133.33333333333331,inf,['Delhi Capitals'],1,0,33.33333333333333,0,0
359,T Thushara,12,19,2.0,4,63.1578947368421,6.0,['Chennai Super Kings'],0,0,0.0,0,0
360,AR Bawne,12,12,0.0,1,100.0,inf,['Delhi Capitals'],1,0,33.33333333333333,0,0
361,AA Chavan,12,11,2.0,3,109.09090909090908,6.0,['Rajasthan Royals'],2,0,66.66666666666666,0,0
362,Karanveer Singh,12,17,1.0,4,70.58823529411765,12.0,['Punjab Kings'],1,0,33.33333333333333,0,0
363,T Henderson,11,16,2.0,2,68.75,5.5,['Rajasthan Royals'],0,1,54.54545454545454,0,0
364,T Kohli,11,20,3.0,3,55.00000000000001,3.6666666666666665,['Rajasthan Royals' 'Punjab Kings'],0,1,54.54545454545454,0,0
365,M Ntini,11,19,1.0,2,57.89473684210527,11.0,['Chennai Super Kings'],2,0,72.72727272727273,0,0
366,DNT Zoysa,11,9,1.0,2,122.22222222222223,11.0,['Sunrisers Hyderabad'],1,0,36.36363636363637,0,0
367,Rashid Khan,11,9,2.0,3,122.22222222222223,5.5,['Sunrisers Hyderabad'],0,1,54.54545454545454,0,0
368,J Theron,10,13,2.0,4,76.92307692307693,5.0,['Punjab Kings' 'Sunrisers Hyderabad' 'Rajasthan Royals'],1,0,40.0,0,0
369,D du Preez,10,13,1.0,1,76.92307692307693,10.0,['Royal Challengers Bangalore'],0,0,0.0,0,0
370,TD Paine,10,29,2.0,2,34.48275862068966,5.0,['Pune Warriors'],0,0,0.0,0,0
371,AG Murtaza,10,14,1.0,3,71.42857142857143,10.0,['Mumbai Indians' 'Pune Warriors'],1,0,40.0,0,0
372,SMSM Senanayake,10,17,1.0,4,58.82352941176471,10.0,['Kolkata Knight Riders'],0,0,0.0,0,0
373,KAJ Roach,10,9,1.0,1,111.11111111111111,10.0,['Sunrisers Hyderabad'],1,0,40.0,0,0
374,X Thalaivan Sargunam,10,17,1.0,1,58.82352941176471,10.0,['Sunrisers Hyderabad'],0,0,0.0,0,0
375,S Kaul,9,13,0.0,3,69.23076923076923,inf,['Sunrisers Hyderabad' 'Delhi Capitals'],0,0,0.0,0,0
376,Washington Sundar,9,12,1.0,5,75.0,9.0,['Rising Pune Supergiant'],0,0,0.0,0,0
377,SM Harwood,9,14,0.0,2,64.28571428571429,inf,['Rajasthan Royals'],0,0,0.0,0,0
378,AA Noffke,9,12,1.0,1,75.0,9.0,['Royal Challengers Bangalore'],1,0,44.44444444444444,0,0
379,CK Langeveldt,8,9,2.0,2,88.88888888888889,4.0,['Kolkata Knight Riders' 'Royal Challengers Bangalore'],0,1,75.0,0,0
380,Jaskaran Singh,8,11,1.0,4,72.72727272727273,8.0,['Sunrisers Hyderabad'],0,0,0.0,0,0
381,CJ McKay,8,15,1.0,1,53.333333333333336,8.0,['Mumbai Indians'],0,0,0.0,0,0
382,TM Srivastava,8,11,1.0,3,72.72727272727273,8.0,['Punjab Kings'],0,0,0.0,0,0
383,TS Mills,8,11,3.0,3,72.72727272727273,2.6666666666666665,['Royal Challengers Bangalore'],0,1,75.0,0,0
384,SN Thakur,7,9,3.0,4,77.77777777777779,2.3333333333333335,['Rising Pune Supergiant' 'Punjab Kings'],1,0,57.14285714285714,0,0
385,VS Malik,7,7,1.0,2,100.0,7.0,['Punjab Kings' 'Rajasthan Royals'],1,0,57.14285714285714,0,0
386,UA Birla,7,15,1.0,1,46.666666666666664,7.0,['Pune Warriors'],1,0,57.14285714285714,0,0
387,Pankaj Singh,7,12,2.0,5,58.333333333333336,3.5,['Rajasthan Royals' 'Royal Challengers Bangalore'],0,0,0.0,0,0
388,AN Ghosh,7,8,2.0,2,87.5,3.5,['Kolkata Knight Riders'],1,0,57.14285714285714,0,0
389,Ankit Soni,7,9,2.0,3,77.77777777777779,3.5,['Gujarat Lions'],0,1,85.71428571428571,0,0
390,I Malhotra,7,4,0.0,1,175.0,inf,['Sunrisers Hyderabad'],1,0,57.14285714285714,0,0
391,AF Milne,7,12,2.0,3,58.333333333333336,3.5,['Royal Challengers Bangalore'],0,0,0.0,0,0
392,BA Bhatt,6,7,1.0,2,85.71428571428571,6.0,['Punjab Kings'],0,1,100.0,0,0
393,DM Bravo,6,5,0.0,1,120.0,inf,['Kolkata Knight Riders'],1,0,66.66666666666666,0,0
394,PSP Handscomb,6,12,1.0,1,50.0,6.0,['Rising Pune Supergiant'],0,0,0.0,0,0
395,J Yadav,6,12,2.0,2,50.0,3.0,['Delhi Capitals'],0,0,0.0,0,0
396,SB Joshi,6,16,2.0,2,37.5,3.0,['Royal Challengers Bangalore'],0,0,0.0,0,0
397,AS Rajpoot,6,13,1.0,2,46.15384615384615,6.0,['Kolkata Knight Riders' 'Chennai Super Kings'],1,0,66.66666666666666,0,0
398,SS Shaikh,6,7,1.0,1,85.71428571428571,6.0,['Kolkata Knight Riders'],1,0,66.66666666666666,0,0
399,P Awana,5,14,2.0,5,35.714285714285715,2.5,['Punjab Kings'],0,0,0.0,0,0
400,SJ Srivastava,5,5,1.0,4,100.0,5.0,['Punjab Kings'],0,0,0.0,0,0
401,Shivam Sharma,5,3,1.0,2,166.66666666666669,5.0,['Punjab Kings'],1,0,80.0,0,0
402,KMDN Kulasekara,5,3,0.0,1,166.66666666666669,inf,['Chennai Super Kings'],1,0,80.0,0,0
403,JD Unadkat,5,13,1.0,5,38.46153846153847,5.0,['Rising Pune Supergiant' 'Royal Challengers Bangalore' 'Delhi Capitals'],0,0,0.0,0,0
404,TA Boult,5,8,0.0,1,62.5,inf,['Kolkata Knight Riders'],0,0,0.0,0,0
405,A Zampa,5,8,2.0,2,62.5,2.5,['Rising Pune Supergiant'],1,0,80.0,0,0
406,A Uniyal,4,7,1.0,2,57.14285714285714,4.0,['Rajasthan Royals'],0,0,0.0,0,0
407,GD McGrath,4,5,1.0,2,80.0,4.0,['Delhi Capitals'],1,0,100.0,0,0
408,VRV Singh,4,3,2.0,2,133.33333333333331,2.0,['Punjab Kings'],1,0,100.0,0,0
409,BB Sran,4,4,0.0,3,100.0,inf,['Sunrisers Hyderabad'],0,0,0.0,0,0
410,RS Sodhi,4,2,0.0,1,200.0,inf,['Punjab Kings'],1,0,100.0,0,0
411,DP Nannes,4,13,1.0,2,30.76923076923077,4.0,['Delhi Capitals'],0,0,0.0,0,0
412,FH Edwards,4,5,1.0,2,80.0,4.0,['Sunrisers Hyderabad'],0,0,0.0,0,0
413,A Chandila,4,7,0.0,2,57.14285714285714,inf,['Rajasthan Royals'],0,0,0.0,0,0
414,B Laughlin,4,9,1.0,2,44.44444444444444,4.0,['Chennai Super Kings'],0,0,0.0,0,0
415,CRD Fernando,4,3,0.0,2,133.33333333333331,inf,['Mumbai Indians'],0,0,0.0,0,0
416,JE Taylor,3,4,1.0,2,75.0,3.0,['Pune Warriors'],0,0,0.0,0,0
417,CJ Jordan,3,5,2.0,2,60.0,1.5,['Sunrisers Hyderabad' 'Royal Challengers Bangalore'],0,0,0.0,0,0
418,R Ninan,3,6,1.0,1,50.0,3.0,['Royal Challengers Bangalore'],0,0,0.0,0,0
419,Mohammad Asif,3,6,2.0,2,50.0,1.5,['Delhi Capitals'],0,0,0.0,0,0
420,D Kalyankrishna,3,8,1.0,1,37.5,3.0,['Sunrisers Hyderabad'],0,0,0.0,0,0
421,S Tyagi,3,4,1.0,1,75.0,3.0,['Chennai Super Kings'],0,0,0.0,0,0
422,RD Chahar,3,2,0.0,1,150.0,inf,['Rising Pune Supergiant'],0,0,0.0,0,0
423,Younis Khan,3,7,1.0,1,42.857142857142854,3.0,['Rajasthan Royals'],0,0,0.0,0,0
424,Kamran Khan,3,5,1.0,1,60.0,3.0,['Rajasthan Royals'],0,0,0.0,0,0
425,BAW Mendis,3,6,2.0,3,50.0,1.5,['Kolkata Knight Riders' 'Pune Warriors'],0,0,0.0,0,0
426,A Singh,2,10,4.0,5,20.0,0.5,['Rajasthan Royals'],0,0,0.0,0,0
427,SB Wagh,2,3,2.0,2,66.66666666666666,1.0,['Pune Warriors'],0,0,0.0,0,0
428,H Das,2,5,1.0,1,40.0,2.0,['Sunrisers Hyderabad'],0,0,0.0,0,0
429,KP Appanna,2,4,1.0,3,50.0,2.0,['Royal Challengers Bangalore'],0,0,0.0,0,0
430,VS Yeligati,2,2,1.0,1,100.0,2.0,['Mumbai Indians'],0,0,0.0,0,0
431,Mashrafe Mortaza,2,2,0.0,1,100.0,inf,['Kolkata Knight Riders'],0,0,0.0,0,0
432,RS Gavaskar,2,8,1.0,1,25.0,2.0,['Kolkata Knight Riders'],0,0,0.0,0,0
433,S Randiv,2,4,1.0,1,50.0,2.0,['Chennai Super Kings'],0,0,0.0,0,0
434,RG More,2,2,0.0,1,100.0,inf,['Chennai Super Kings'],0,0,0.0,0,0
435,Mohammad Nabi,2,3,1.0,1,66.66666666666666,2.0,['Sunrisers Hyderabad'],0,0,0.0,0,0
436,Shoaib Akhtar,2,8,1.0,1,25.0,2.0,['Kolkata Knight Riders'],0,0,0.0,0,0
437,Mohammad Ashraful,2,12,1.0,1,16.666666666666664,2.0,['Mumbai Indians'],0,0,0.0,0,0
438,M de Lange,1,2,1.0,1,50.0,1.0,['Mumbai Indians'],0,0,0.0,0,0
439,DJ Muthuswami,1,3,1.0,1,33.33333333333333,1.0,['Delhi Capitals'],0,0,0.0,0,0
440,SE Bond,1,2,1.0,1,50.0,1.0,['Kolkata Knight Riders'],0,0,0.0,0,0
441,P Parameswaran,1,3,0.0,2,33.33333333333333,inf,['Kochi Tuskers Kerala' 'Royal Challengers Bangalore'],0,0,0.0,0,0
442,DP Vijaykumar,1,1,0.0,1,100.0,inf,['Sunrisers Hyderabad'],0,0,0.0,0,0
443,LH Ferguson,1,1,0.0,1,100.0,inf,['Rising Pune Supergiant'],0,0,0.0,0,0
444,NJ Rimmington,1,1,0.0,1,100.0,inf,['Punjab Kings'],0,0,0.0,0,0
445,PM Sarvesh Kumar,1,2,0.0,1,50.0,inf,['Sunrisers Hyderabad'],0,0,0.0,0,0
446,Shoaib Ahmed,1,6,2.0,3,16.666666666666664,0.5,['Sunrisers Hyderabad'],0,0,0.0,0,0
447,BE Hendricks,1,3,1.0,2,33.33333333333333,1.0,['Punjab Kings'],0,0,0.0,0,0
448,L Ablish,0,2,0.0,1,0.0,inf,['Punjab Kings'],0,0,0.0,0,0
449,C Nanda,0,1,1.0,1,0.0,0.0,['Mumbai Indians'],0,0,0.0,0,0
450,YA Abdulla,0,1,0.0,1,0.0,inf,['Punjab Kings'],0,0,0.0,0,0
451,Sunny Gupta,0,1,1.0,1,0.0,0.0,['Delhi Capitals'],0,0,0.0,0,0
452,V Pratap Singh,0,1,1.0,1,0.0,0.0,['Sunrisers Hyderabad'],0,0,0.0,0,0
453,M Ashwin,0,1,1.0,1,0.0,0.0,['Rising Pune Supergiant'],0,0,0.0,0,0
454,ND Doshi,0,13,1.0,1,0.0,0.0,['Rajasthan Royals'],0,0,0.0,0,0
455,IC Pandey,0,2,1.0,1,0.0,0.0,['Pune Warriors'],0,0,0.0,0,0
456,Abdur Razzak,0,2,0.0,1,0.0,inf,['Royal Challengers Bangalore'],0,0,0.0,0,0
457,S Kaushik,0,1,1.0,1,0.0,0.0,['Gujarat Lions'],0,0,0.0,0,0
458,S Ladda,0,10,1.0,2,0.0,0.0,['Delhi Capitals'],0,0,0.0,0,0
459,U Kaul,0,1,0.0,1,0.0,inf,['Punjab Kings'],0,0,0.0,0,0
460,RR Bhatkal,0,2,1.0,1,0.0,0.0,['Royal Challengers Bangalore'],0,0,0.0,0,0
