,bowler,runs_conceded,balls bowled,wide_runs,noball_runs,bye_runs,legbye_runs,penalty_runs,extra_runs,no_of_wickets,bowling_average,matches_played,no_of_overs,dot balls,four_plus_wickets,five_plus_wickets,bowling_economy,average_dot_balls,bowling_strike_rate
0,Harbhajan Singh,3453,2989,87,3,13,55,0,158,126,27.404761904761905,134,20,1062,2,1,172.65,35.53027768484443,23.72222222222222
1,P Kumar,3342,2637,144,1,5,86,0,236,90,37.13333333333333,119,20,1075,0,0,167.1,40.76602199469094,29.3
2,PP Chawla,3315,2594,62,1,16,38,0,117,126,26.30952380952381,128,19,910,2,0,174.47368421052633,35.08095605242868,20.58730158730159
3,A Mishra,3305,2703,50,20,6,38,0,114,134,24.66417910447761,126,20,953,4,1,165.25,35.257121716611174,20.171641791044777
4,SL Malinga,3034,2694,143,18,22,80,5,268,154,19.7012987012987,110,20,1060,5,1,151.7,39.346696362286565,17.493506493506494
5,R Vinay Kumar,2976,2161,49,10,7,48,0,114,103,28.893203883495147,102,20,755,1,0,148.8,34.93752892179546,20.980582524271846
6,Z Khan,2860,2276,89,2,14,64,0,169,102,28.03921568627451,99,20,873,1,0,143.0,38.35676625659051,22.313725490196077
7,DJ Bravo,2815,2110,93,4,3,57,0,157,122,23.07377049180328,103,19,669,2,0,148.1578947368421,31.70616113744076,17.295081967213115
8,UT Yadav,2802,2033,90,16,16,64,0,186,91,30.791208791208792,93,20,713,2,0,140.1,35.071323167732416,22.34065934065934
9,IK Pathan,2711,2113,79,1,21,41,0,142,80,33.8875,101,20,835,0,0,135.55,39.51727401798391,26.4125
10,R Ashwin,2552,2359,88,2,9,44,0,143,100,25.52,108,20,891,1,0,127.6,37.770241627808396,23.59
11,RA Jadeja,2540,1962,47,2,7,27,0,83,82,30.975609756097562,112,20,612,4,1,127.0,31.19266055045872,23.926829268292682
12,A Nehra,2537,1974,64,9,2,40,0,115,106,23.933962264150942,88,20,798,1,0,126.85,40.42553191489361,18.62264150943396
13,SR Watson,2490,1961,90,13,10,49,0,162,86,28.953488372093023,94,20,747,1,0,124.5,38.092809790923,22.802325581395348
14,RP Singh,2417,1874,89,13,8,71,0,181,90,26.855555555555554,82,20,744,2,0,120.85,39.701173959445036,20.822222222222223
15,B Kumar,2410,2054,90,5,6,65,0,166,111,21.71171171171171,90,20,832,3,1,120.5,40.50632911392405,18.504504504504503
16,JA Morkel,2409,1807,85,18,3,47,0,153,84,28.678571428571427,87,20,646,1,0,120.45,35.749861649142225,21.511904761904763
17,PP Ojha,2399,1945,69,2,20,42,5,138,89,26.95505617977528,90,20,667,0,0,119.95,34.29305912596401,21.853932584269664
18,DW Steyn,2375,2159,105,7,6,48,0,166,91,26.0989010989011,90,19,978,0,0,125.0,45.298749421028255,23.725274725274726
19,JH Kallis,2348,1799,62,9,9,46,0,126,65,36.12307692307692,89,20,601,0,0,117.4,33.407448582545854,27.676923076923078
20,I Sharma,2291,1713,84,21,6,56,0,167,58,39.5,76,20,700,1,1,114.55,40.863981319322825,29.53448275862069
21,M Morkel,2136,1699,71,13,8,39,0,131,77,27.74025974025974,70,19,708,1,0,112.42105263157895,41.6715715126545,22.064935064935064
22,AB Dinda,2103,1589,72,14,8,22,0,116,69,30.47826086956522,75,20,627,1,0,105.15,39.458779106356204,23.028985507246375
23,MM Sharma,2088,1566,29,4,3,9,0,45,83,25.156626506024097,75,20,584,1,0,104.4,37.29246487867178,18.867469879518072
24,SP Narine,2085,1956,41,2,9,34,0,86,95,21.94736842105263,81,20,817,7,1,104.25,41.76891615541922,20.589473684210525
25,L Balaji,2083,1574,72,4,14,41,0,131,76,27.407894736842106,73,20,537,4,1,104.15,34.11689961880559,20.710526315789473
26,R Bhatia,2059,1661,32,2,9,30,0,73,71,29.0,91,16,436,1,0,128.6875,26.249247441300422,23.3943661971831
27,SK Trivedi,1944,1557,55,9,2,38,0,104,65,29.907692307692308,75,19,492,1,0,102.3157894736842,31.59922928709056,23.953846153846154
28,DS Kulkarni,1918,1485,84,6,12,25,0,127,76,25.236842105263158,72,20,600,1,0,95.9,40.4040404040404,19.539473684210527
29,JP Faulkner,1849,1287,50,5,6,44,0,105,61,30.311475409836067,60,20,399,3,2,92.45,31.002331002331,21.098360655737704
30,KA Pollard,1785,1276,75,7,5,10,0,97,56,31.875,81,17,327,1,0,105.0,25.6269592476489,22.785714285714285
31,M Muralitharan,1765,1581,62,2,7,52,0,123,64,27.578125,66,19,600,1,0,92.89473684210526,37.95066413662239,24.703125
32,MM Patel,1733,1382,17,11,8,27,0,63,74,23.41891891891892,63,20,590,3,1,86.65,42.6917510853835,18.675675675675677
33,Sandeep Sharma,1623,1273,41,7,0,36,0,84,71,22.859154929577464,56,20,534,2,0,81.15,41.948153967007066,17.929577464788732
34,YS Chahal,1600,1219,34,3,17,14,0,68,70,22.857142857142858,55,20,405,1,0,80.0,33.223954060705495,17.414285714285715
35,AR Patel,1584,1280,34,0,4,33,0,71,57,27.789473684210527,59,20,413,1,0,79.2,32.265625,22.45614035087719
36,MG Johnson,1522,1168,59,9,7,23,0,98,60,25.366666666666667,48,20,491,0,0,76.1,42.03767123287671,19.466666666666665
37,SB Jakati,1474,1101,27,2,2,21,0,52,47,31.361702127659573,57,19,337,2,0,77.57894736842105,30.60853769300636,23.425531914893618
38,SK Warne,1465,1223,39,0,4,14,0,57,57,25.70175438596491,54,17,426,1,0,86.17647058823529,34.8323793949305,21.45614035087719
39,JJ Bumrah,1433,1084,25,17,2,25,0,69,46,31.152173913043477,47,20,364,0,0,71.65,33.579335793357934,23.565217391304348
40,YK Pathan,1421,1166,43,0,1,27,0,71,41,34.65853658536585,80,19,390,0,0,74.78947368421052,33.44768439108062,28.4390243902439
41,M Kartik,1418,1182,42,5,11,19,0,77,31,45.74193548387097,55,18,382,0,0,78.77777777777777,32.31810490693739,38.12903225806452
42,KV Sharma,1357,1046,12,0,10,24,0,46,49,27.693877551020407,55,17,361,2,0,79.82352941176471,34.512428298279154,21.346938775510203
43,MJ McClenaghan,1356,982,48,8,3,24,0,83,53,25.58490566037736,40,19,365,1,0,71.36842105263158,37.169042769857434,18.528301886792452
44,S Nadeem,1332,1137,23,1,1,12,0,37,37,36.0,53,20,385,0,0,66.6,33.86103781882146,30.72972972972973
45,JD Unadkat,1328,995,15,0,0,20,0,35,56,23.714285714285715,46,20,354,2,2,66.4,35.57788944723618,17.767857142857142
46,MS Gony,1317,925,32,5,4,26,0,67,37,35.5945945945946,44,20,348,0,0,65.85,37.62162162162162,25.0
47,CH Morris,1307,1042,41,3,2,31,0,77,54,24.203703703703702,48,20,401,2,0,65.35,38.48368522072937,19.296296296296298
48,MC Henriques,1255,918,31,1,0,11,0,43,38,33.026315789473685,55,20,277,0,0,62.75,30.174291938997822,24.157894736842106
49,VR Aaron,1250,904,62,6,6,25,0,99,38,32.89473684210526,40,20,337,0,0,62.5,37.2787610619469,23.789473684210527
50,S Sreesanth,1221,947,55,27,0,27,0,109,38,32.13157894736842,44,20,399,0,0,61.05,42.13305174234424,24.92105263157895
51,PJ Sangwan,1181,837,50,6,7,18,0,81,35,33.74285714285714,38,20,294,0,0,59.05,35.12544802867383,23.914285714285715
52,AB Agarkar,1174,820,37,2,1,22,0,62,29,40.48275862068966,42,20,254,0,0,58.7,30.975609756097562,28.275862068965516
53,SK Raina,1133,924,22,0,2,19,0,43,25,45.32,68,19,279,0,0,59.63157894736842,30.1948051948052,36.96
54,B Lee,1126,916,40,13,7,24,0,84,25,45.04,38,18,374,0,0,62.55555555555556,40.8296943231441,36.64
55,Iqbal Abdulla,1125,943,26,0,5,11,0,42,40,28.125,48,20,331,0,0,56.25,35.100742311770944,23.575
56,Shakib Al Hasan,1123,947,29,0,5,17,0,51,43,26.11627906976744,42,20,337,0,0,56.15,35.58606124604013,22.023255813953487
57,R Sharma,1100,935,7,0,3,11,0,21,40,27.5,44,18,334,0,0,61.111111111111114,35.721925133689844,23.375
58,AD Mathews,1095,807,24,1,8,8,0,41,27,40.55555555555556,44,18,224,1,0,60.833333333333336,27.757125154894673,29.88888888888889
59,A Kumble,1089,983,26,5,0,31,0,62,45,24.2,42,20,374,3,1,54.45,38.046795523906404,21.844444444444445
60,RJ Harris,1085,865,48,1,4,34,0,87,45,24.11111111111111,37,20,364,1,0,54.25,42.08092485549133,19.22222222222222
61,Yuvraj Singh,1068,869,11,1,6,8,0,26,36,29.666666666666668,71,13,258,2,0,82.15384615384616,29.689298043728424,24.13888888888889
62,S Aravind,1057,788,31,1,0,18,0,50,45,23.488888888888887,38,20,290,2,0,52.85,36.80203045685279,17.511111111111113
63,P Awana,1046,774,23,6,4,13,0,46,39,26.82051282051282,33,20,293,1,0,52.3,37.85529715762274,19.846153846153847
64,NLTC Perera,1031,715,15,3,6,9,0,33,31,33.25806451612903,36,20,227,0,0,51.55,31.74825174825175,23.06451612903226
65,Imran Tahir,1002,734,29,1,0,10,0,40,47,21.319148936170212,32,18,221,1,0,55.666666666666664,30.108991825613078,15.617021276595745
66,HV Patel,999,707,24,1,6,22,0,53,34,29.38235294117647,34,19,239,0,0,52.578947368421055,33.80480905233381,20.794117647058822
67,Mohammed Shami,960,659,48,2,4,22,0,76,18,53.333333333333336,31,20,217,0,0,48.0,32.92867981790592,36.611111111111114
68,DT Christian,956,747,33,3,3,17,0,56,30,31.866666666666667,36,19,248,0,0,50.31578947368421,33.19946452476573,24.9
69,TG Southee,930,691,29,2,4,12,0,47,22,42.27272727272727,29,19,254,0,0,48.94736842105263,36.75832127351664,31.40909090909091
70,AD Russell,917,651,23,3,10,11,0,47,31,29.580645161290324,34,20,228,1,0,45.85,35.02304147465438,21.0
71,DL Vettori,894,785,8,0,1,15,0,24,28,31.928571428571427,34,20,270,0,0,44.7,34.394904458598724,28.035714285714285
72,PV Tambe,866,674,19,0,0,13,0,32,28,30.928571428571427,33,17,204,1,0,50.94117647058823,30.267062314540063,24.071428571428573
73,DR Smith,825,557,19,4,4,11,0,38,26,31.73076923076923,46,16,168,1,0,51.5625,30.16157989228007,21.423076923076923
74,J Botha,818,709,19,0,6,12,0,37,25,32.72,34,20,254,0,0,40.9,35.82510578279267,28.36
75,DP Nannes,815,689,47,4,4,26,0,81,28,29.107142857142858,29,19,285,0,0,42.89473684210526,41.36429608127721,24.607142857142858
76,JP Duminy,811,683,32,0,6,7,0,45,23,35.26086956521739,47,20,228,1,0,40.55,33.38213762811127,29.695652173913043
77,P Negi,802,639,14,0,5,9,0,28,30,26.733333333333334,36,17,204,1,0,47.1764705882353,31.92488262910798,21.3
78,KK Cooper,789,600,31,1,6,26,0,64,33,23.90909090909091,25,17,184,1,0,46.411764705882355,30.666666666666664,18.181818181818183
79,CH Gayle,750,579,46,3,5,21,0,75,18,41.666666666666664,37,20,180,0,0,37.5,31.088082901554404,32.166666666666664
80,NM Coulter-Nile,739,586,16,7,3,17,0,43,35,21.114285714285714,25,20,247,1,0,36.95,42.15017064846416,16.742857142857144
81,WD Parnell,731,601,45,5,2,28,0,80,26,28.115384615384617,26,18,241,0,0,40.611111111111114,40.099833610648915,23.115384615384617
82,MA Starc,725,612,33,4,4,28,0,69,34,21.323529411764707,26,18,232,1,0,40.27777777777778,37.908496732026144,18.0
83,DE Bollinger,716,600,28,2,7,16,0,53,37,19.35135135135135,27,12,254,1,0,59.666666666666664,42.333333333333336,16.216216216216218
84,Harmeet Singh,713,549,28,4,4,12,0,48,26,27.423076923076923,27,18,189,0,0,39.611111111111114,34.42622950819672,21.115384615384617
85,Azhar Mahmood,707,552,14,5,1,6,0,26,29,24.379310344827587,23,20,199,0,0,35.35,36.05072463768116,19.03448275862069
86,A Symonds,694,540,17,1,8,12,0,38,20,34.7,30,20,190,0,0,34.7,35.18518518518518,27.0
87,STR Binny,686,554,14,0,0,5,0,19,21,32.666666666666664,57,19,184,0,0,36.10526315789474,33.2129963898917,26.38095238095238
88,SW Tait,668,534,69,14,4,24,0,111,23,29.043478260869566,21,18,200,0,0,37.111111111111114,37.453183520599254,23.217391304347824
89,R Dhawan,655,513,31,3,0,15,0,49,18,36.388888888888886,25,17,151,0,0,38.529411764705884,29.434697855750485,28.5
90,A Singh,639,486,16,1,5,14,0,36,28,22.821428571428573,23,17,189,1,0,37.588235294117645,38.88888888888889,17.357142857142858
91,S Kaul,611,436,16,1,2,13,0,32,22,27.772727272727273,21,18,133,1,0,33.94444444444444,30.504587155963304,19.818181818181817
92,IC Pandey,609,469,5,2,0,18,0,25,18,33.833333333333336,24,17,212,0,0,35.8235294117647,45.20255863539446,26.055555555555557
93,Anureet Singh,594,406,16,6,1,12,0,35,17,34.94117647058823,19,19,135,0,0,31.263157894736842,33.251231527093594,23.88235294117647
94,GB Hogg,585,466,17,1,7,8,0,33,23,25.434782608695652,21,16,159,1,0,36.5625,34.12017167381974,20.26086956521739
95,Bipul Sharma,581,436,15,0,1,8,0,24,17,34.1764705882353,28,18,131,0,0,32.27777777777778,30.045871559633024,25.647058823529413
96,JR Hopes,562,369,9,0,0,14,0,23,14,40.142857142857146,20,15,105,0,0,37.46666666666667,28.455284552845526,26.357142857142858
97,R McLaren,558,372,19,3,1,15,0,38,12,46.5,18,20,116,0,0,27.9,31.182795698924732,31.0
98,HH Pandya,552,375,16,1,1,9,0,27,10,55.2,31,16,103,0,0,34.5,27.46666666666667,37.5
99,VRV Singh,549,371,7,4,3,4,0,18,12,45.75,18,18,114,0,0,30.5,30.727762803234505,30.916666666666668
100,RR Powar,538,443,25,1,0,11,0,37,13,41.38461538461539,26,18,166,0,0,29.88888888888889,37.471783295711056,34.07692307692308
101,MF Maharoof,532,441,21,5,1,11,0,38,27,19.703703703703702,20,20,165,0,0,26.6,37.41496598639456,16.333333333333332
102,PJ Cummins,525,379,21,1,0,26,0,48,17,30.88235294117647,16,20,118,0,0,26.25,31.13456464379947,22.294117647058822
103,KH Pandya,518,440,16,1,4,5,0,26,16,32.375,24,15,126,0,0,34.53333333333333,28.636363636363637,27.5
104,AN Ahmed,515,362,26,5,5,12,0,48,12,42.916666666666664,17,19,120,0,0,27.105263157894736,33.14917127071823,30.166666666666668
105,RE van der Merwe,515,455,12,0,4,13,0,29,21,24.523809523809526,21,18,148,0,0,28.61111111111111,32.527472527472526,21.666666666666668
106,VY Mahesh,511,359,14,7,6,6,0,33,21,24.333333333333332,17,16,120,1,0,31.9375,33.42618384401114,17.095238095238095
107,TA Boult,500,355,21,0,0,9,0,30,15,33.333333333333336,14,15,135,0,0,33.333333333333336,38.028169014084504,23.666666666666668
108,BW Hilfenhaus,497,390,15,3,1,17,0,36,22,22.59090909090909,17,16,173,0,0,31.0625,44.35897435897436,17.727272727272727
109,BB Sran,485,345,17,5,0,8,0,30,14,34.642857142857146,16,15,116,0,0,32.333333333333336,33.6231884057971,24.642857142857142
110,DJ Hussey,485,323,7,0,5,6,0,18,8,60.625,26,17,86,0,0,28.529411764705884,26.625386996904027,40.375
111,GJ Maxwell,483,334,13,0,0,4,0,17,11,43.90909090909091,33,14,95,0,0,34.5,28.443113772455092,30.363636363636363
112,A Mithun,477,312,15,9,1,4,0,29,7,68.14285714285714,16,17,90,0,0,28.058823529411764,28.846153846153843,44.57142857142857
113,Pankaj Singh,472,311,14,1,1,3,0,19,11,42.90909090909091,17,16,111,0,0,29.5,35.69131832797427,28.272727272727273
114,Mustafizur Rahman,461,393,11,0,1,5,0,17,17,27.11764705882353,17,15,140,0,0,30.733333333333334,35.6234096692112,23.11764705882353
115,LR Shukla,458,326,16,2,6,5,0,29,15,30.533333333333335,27,15,109,0,0,30.533333333333335,33.43558282208589,21.733333333333334
116,KW Richardson,450,326,13,0,1,5,0,19,18,25.0,14,15,124,0,0,30.0,38.036809815950924,18.11111111111111
117,RG Sharma,449,342,15,0,0,9,0,24,15,29.933333333333334,30,19,88,1,0,23.63157894736842,25.730994152046783,22.8
118,Kuldeep Yadav,447,324,11,0,1,6,0,18,18,24.833333333333332,14,15,102,0,0,29.8,31.48148148148148,18.0
119,SJ Srivastava,444,306,31,1,0,3,0,35,14,31.714285714285715,14,17,103,0,0,26.11764705882353,33.66013071895425,21.857142857142858
120,Ankit Sharma,442,369,14,0,0,3,0,17,12,36.833333333333336,20,16,136,0,0,27.625,36.856368563685635,30.75
121,Basil Thampi,428,278,10,0,0,4,0,14,11,38.90909090909091,12,16,76,0,0,26.75,27.33812949640288,25.272727272727273
122,Joginder Sharma,421,272,10,7,0,2,0,19,12,35.083333333333336,15,17,71,0,0,24.764705882352942,26.10294117647059,22.666666666666668
123,MR Marsh,420,327,10,2,0,6,0,18,20,21.0,18,17,112,1,0,24.705882352941178,34.25076452599388,16.35
124,AC Thomas,416,327,10,2,4,6,0,22,14,29.714285714285715,15,14,126,0,0,29.714285714285715,38.53211009174312,23.357142857142858
125,D Wiese,409,289,11,1,3,4,0,19,16,25.5625,14,16,79,1,0,25.5625,27.33564013840831,18.0625
126,BA Bhatt,408,303,7,1,8,3,0,19,12,34.0,15,19,93,1,0,21.473684210526315,30.693069306930692,25.25
127,CJ Anderson,408,259,16,0,1,4,0,21,8,51.0,19,19,65,0,0,21.473684210526315,25.096525096525095,32.375
128,A Ashish Reddy,400,270,8,2,2,2,0,14,18,22.22222222222222,20,15,79,0,0,26.666666666666668,29.259259259259256,15.0
129,ST Jayasuriya,396,301,15,0,4,2,0,21,13,30.46153846153846,21,14,83,0,0,28.285714285714285,27.57475083056478,23.153846153846153
130,CR Woakes,393,278,14,0,3,4,0,21,17,23.11764705882353,13,14,87,0,0,28.071428571428573,31.294964028776977,16.352941176470587
131,V Kohli,371,264,8,6,1,2,0,17,4,92.75,26,13,52,0,0,28.53846153846154,19.696969696969695,66.0
132,SC Ganguly,370,280,3,1,1,6,0,11,10,37.0,20,12,75,0,0,30.833333333333332,26.785714285714285,28.0
133,J Suchith,369,253,9,0,0,1,0,10,10,36.9,13,14,70,0,0,26.357142857142858,27.66798418972332,25.3
134,Rashid Khan,368,328,6,0,1,9,0,16,17,21.647058823529413,14,15,121,0,0,24.533333333333335,36.890243902439025,19.294117647058822
135,TM Dilshan,368,275,5,0,0,2,0,7,5,73.6,25,18,79,0,0,20.444444444444443,28.72727272727273,55.0
136,GD McGrath,366,329,4,1,0,9,0,14,12,30.5,14,11,153,1,0,33.27272727272727,46.504559270516715,27.416666666666668
137,AD Mascarenhas,365,310,3,0,5,4,0,12,19,19.210526315789473,13,16,124,1,1,22.8125,40.0,16.31578947368421
138,WPUJC Vaas,364,288,8,2,0,9,0,19,18,20.22222222222222,13,14,128,0,0,26.0,44.44444444444444,16.0
139,JDP Oram,362,244,6,1,4,9,0,20,9,40.22222222222222,14,16,79,0,0,22.625,32.37704918032787,27.11111111111111
140,SN Thakur,358,259,16,0,0,5,0,21,12,29.833333333333332,13,18,90,0,0,19.88888888888889,34.74903474903475,21.583333333333332
141,DJG Sammy,354,244,7,2,0,4,0,13,11,32.18181818181818,19,17,72,1,0,20.823529411764707,29.508196721311474,22.181818181818183
142,AA Chavan,339,255,8,0,1,12,0,21,8,42.375,13,18,100,0,0,18.833333333333332,39.21568627450981,31.875
143,Y Venugopal Rao,338,222,8,0,0,1,0,9,6,56.333333333333336,20,16,59,0,0,21.125,26.576576576576578,37.0
144,S Badree,329,263,10,0,0,10,0,20,11,29.90909090909091,12,15,109,1,0,21.933333333333334,41.44486692015209,23.90909090909091
145,BA Stokes,327,274,11,0,1,10,0,22,12,27.25,12,15,108,0,0,21.8,39.416058394160586,22.833333333333332
146,AM Nayar,323,239,11,0,1,0,0,12,9,35.888888888888886,19,11,69,0,0,29.363636363636363,28.870292887029287,26.555555555555557
147,Karanveer Singh,323,213,9,0,0,2,0,11,12,26.916666666666668,9,14,64,1,0,23.071428571428573,30.046948356807512,17.75
148,AG Murtaza,322,269,9,0,4,5,0,18,9,35.77777777777778,12,18,101,0,0,17.88888888888889,37.54646840148699,29.88888888888889
149,R Rampaul,319,278,8,2,0,10,0,20,16,19.9375,12,17,130,0,0,18.764705882352942,46.76258992805755,17.375
150,KC Cariappa,315,211,5,2,0,1,0,8,8,39.375,10,14,60,0,0,22.5,28.436018957345972,26.375
151,MP Stoinis,314,209,9,0,1,9,0,19,10,31.4,12,16,49,1,0,19.625,23.444976076555022,20.9
152,JD Ryder,314,241,6,0,8,3,0,17,8,39.25,16,14,79,0,0,22.428571428571427,32.780082987551864,30.125
153,JO Holder,313,228,9,3,0,7,0,19,5,62.6,11,11,80,0,0,28.454545454545453,35.08771929824561,45.6
154,YA Abdulla,311,222,12,1,1,3,0,17,15,20.733333333333334,11,17,88,2,0,18.294117647058822,39.63963963963964,14.8
155,J Theron,311,235,12,2,0,9,0,23,11,28.272727272727273,10,15,68,1,0,20.733333333333334,28.936170212765955,21.363636363636363
156,BJ Hodge,310,238,9,0,6,1,0,16,17,18.235294117647058,20,11,75,1,0,28.181818181818183,31.512605042016805,14.0
157,Mohammad Asif,307,199,6,1,1,10,0,18,8,38.375,8,13,64,0,0,23.615384615384617,32.1608040201005,24.875
158,SM Pollock,307,280,4,0,4,2,0,10,11,27.90909090909091,13,11,130,0,0,27.90909090909091,46.42857142857143,25.454545454545453
159,BAW Mendis,306,248,7,1,1,2,0,11,8,38.25,10,17,76,0,0,18.0,30.64516129032258,31.0
160,CRD Fernando,306,249,11,8,1,7,0,27,17,18.0,10,17,99,1,0,18.0,39.75903614457831,14.647058823529411
161,S Tyagi,304,220,8,3,0,9,0,20,6,50.666666666666664,14,12,93,0,0,25.333333333333332,42.27272727272727,36.666666666666664
162,S Kaushik,304,210,5,1,4,3,0,13,6,50.666666666666664,10,15,68,0,0,20.266666666666666,32.38095238095238,35.0
163,RS Bopara,301,213,16,0,4,5,0,25,11,27.363636363636363,14,12,61,0,0,25.083333333333332,28.638497652582164,19.363636363636363
164,V Pratap Singh,300,211,7,0,0,4,0,11,10,30.0,9,18,71,0,0,16.666666666666668,33.649289099526065,21.1
165,KP Appanna,291,222,8,0,4,1,0,13,9,32.333333333333336,13,11,68,1,0,26.454545454545453,30.630630630630627,24.666666666666668
166,J Syed Mohammad,286,196,4,0,0,3,0,7,8,35.75,11,13,47,0,0,22.0,23.97959183673469,24.5
167,MN Samuels,285,219,6,0,0,1,0,7,9,31.666666666666668,11,18,79,0,0,15.833333333333334,36.07305936073059,24.333333333333332
168,A Zampa,281,225,8,0,1,2,0,11,19,14.789473684210526,11,14,70,1,1,20.071428571428573,31.11111111111111,11.842105263157896
169,SB Styris,278,222,6,0,0,2,0,8,8,34.75,11,17,83,0,0,16.352941176470587,37.38738738738739,27.75
170,CJ Jordan,276,188,16,2,0,9,0,27,12,23.0,10,13,51,1,0,21.23076923076923,27.127659574468083,15.666666666666666
171,Sohail Tanvir,275,265,19,1,2,7,0,29,22,12.5,11,12,121,2,1,22.916666666666668,45.660377358490564,12.045454545454545
172,Parvez Rasool,273,200,3,0,0,2,0,5,4,68.25,11,14,60,0,0,19.5,30.0,50.0
173,DJ Hooda,270,201,10,0,0,2,0,12,6,45.0,16,14,53,0,0,19.285714285714285,26.368159203980102,33.5
174,VS Malik,268,212,5,2,1,6,0,14,6,44.666666666666664,13,14,84,0,0,19.142857142857142,39.62264150943396,35.333333333333336
175,AB McDonald,263,188,2,0,1,1,0,4,11,23.90909090909091,10,15,50,0,0,17.533333333333335,26.595744680851062,17.09090909090909
176,CR Brathwaite,259,181,3,7,2,1,0,13,8,32.375,10,15,47,0,0,17.266666666666666,25.96685082872928,22.625
177,M Ntini,257,213,2,2,2,13,0,19,7,36.714285714285715,9,13,99,1,0,19.76923076923077,46.478873239436616,30.428571428571427
178,AS Rajpoot,251,184,13,1,0,11,0,25,8,31.375,11,17,53,0,0,14.764705882352942,28.804347826086957,23.0
179,Kamran Khan,248,177,10,1,2,7,0,20,10,24.8,9,15,63,1,0,16.533333333333335,35.59322033898305,17.7
180,B Akhil,246,193,5,2,3,1,0,11,6,41.0,13,13,60,0,0,18.923076923076923,31.088082901554404,32.166666666666664
181,M Ashwin,245,176,7,0,2,2,0,11,7,35.0,10,14,55,0,0,17.5,31.25,25.142857142857142
182,A Chandila,245,234,0,0,0,3,0,3,11,22.272727272727273,12,9,103,1,0,27.22222222222222,44.01709401709402,21.272727272727273
183,P Amarnath,241,132,0,0,1,4,0,5,7,34.42857142857143,6,11,29,0,0,21.90909090909091,21.96969696969697,18.857142857142858
184,BE Hendricks,239,157,10,1,0,4,0,15,9,26.555555555555557,7,12,52,0,0,19.916666666666668,33.12101910828025,17.444444444444443
185,Shahid Afridi,237,185,4,1,1,11,0,17,9,26.333333333333332,10,13,57,0,0,18.23076923076923,30.810810810810814,20.555555555555557
186,V Sehwag,236,138,1,1,0,1,0,3,6,39.333333333333336,15,13,44,0,0,18.153846153846153,31.88405797101449,23.0
187,BCJ Cutting,234,171,4,0,0,0,0,4,7,33.42857142857143,9,18,52,0,0,13.0,30.409356725146196,24.428571428571427
188,R Sathish,233,144,5,0,0,1,0,6,3,77.66666666666667,14,13,30,0,0,17.923076923076923,20.833333333333336,48.0
189,P Parameswaran,226,159,4,1,1,1,0,7,9,25.11111111111111,8,16,64,0,0,14.125,40.25157232704403,17.666666666666668
190,SE Bond,225,191,6,0,0,1,0,7,9,25.0,8,14,75,0,0,16.071428571428573,39.26701570680628,21.22222222222222
191,S Ladda,225,141,2,1,0,1,0,4,5,45.0,9,13,48,0,0,17.307692307692307,34.04255319148936,28.2
192,JEC Franklin,225,155,2,2,0,5,0,9,9,25.0,15,12,39,0,0,18.75,25.161290322580644,17.22222222222222
193,S Randiv,223,180,6,0,0,0,0,6,6,37.166666666666664,8,14,60,0,0,15.928571428571429,33.33333333333333,30.0
194,SB Bangar,221,153,7,0,0,2,0,9,4,55.25,9,14,55,0,0,15.785714285714286,35.947712418300654,38.25
195,KP Pietersen,218,180,10,0,1,2,0,13,7,31.142857142857142,13,15,54,0,0,14.533333333333333,30.0,25.714285714285715
196,R Shukla,217,130,7,3,0,9,0,19,5,43.4,7,14,38,0,0,15.5,29.230769230769234,26.0
197,Mohammed Siraj,214,141,3,0,0,2,0,5,10,21.4,6,12,48,1,0,17.833333333333332,34.04255319148936,14.1
198,RR Raje,214,144,8,1,4,1,0,14,6,35.666666666666664,10,13,39,0,0,16.46153846153846,27.083333333333332,24.0
199,SMSM Senanayake,211,195,3,0,0,2,0,5,9,23.444444444444443,8,12,73,0,0,17.583333333333332,37.43589743589744,21.666666666666668
200,PC Valthaty,207,153,6,0,0,2,0,8,7,29.571428571428573,10,13,44,1,0,15.923076923076923,28.75816993464052,21.857142857142858
201,Anand Rajan,206,162,12,1,0,5,0,18,8,25.75,8,15,57,0,0,13.733333333333333,35.18518518518518,20.25
202,AM Salvi,205,156,10,0,0,5,0,15,7,29.285714285714285,7,15,57,0,0,13.666666666666666,36.53846153846153,22.285714285714285
203,DP Vijaykumar,205,159,5,2,0,6,0,13,4,51.25,9,13,63,0,0,15.76923076923077,39.62264150943396,39.75
204,S Narwal,203,113,7,0,0,1,0,8,5,40.6,6,13,37,0,0,15.615384615384615,32.743362831858406,22.6
205,CK Langeveldt,199,165,8,1,9,3,0,21,13,15.307692307692308,7,13,69,0,0,15.307692307692308,41.81818181818181,12.692307692307692
206,K Rabada,198,137,12,2,4,6,0,24,6,33.0,6,12,48,0,0,16.5,35.03649635036496,22.833333333333332
207,TL Suman,198,152,0,2,0,1,0,3,6,33.0,11,12,43,0,0,16.5,28.289473684210524,25.333333333333332
208,Umar Gul,198,153,12,6,0,14,0,32,12,16.5,6,14,51,1,0,14.142857142857142,33.33333333333333,12.75
209,J Yadav,197,183,2,1,0,1,0,4,4,49.25,10,13,72,0,0,15.153846153846153,39.34426229508197,45.75
210,Washington Sundar,189,182,2,0,0,4,0,6,7,27.0,10,14,81,0,0,13.5,44.505494505494504,26.0
211,AF Milne,185,115,11,0,2,6,0,19,4,46.25,5,10,32,0,0,18.5,27.82608695652174,28.75
212,KJ Abbott,182,102,6,1,0,5,0,12,2,91.0,5,9,28,0,0,20.22222222222222,27.450980392156865,51.0
213,Jaskaran Singh,174,111,5,4,0,3,0,12,6,29.0,7,11,39,0,0,15.818181818181818,35.13513513513514,18.5
214,M de Lange,171,116,10,2,0,2,0,14,5,34.2,5,10,39,0,0,17.1,33.62068965517241,23.2
215,JE Taylor,167,122,4,1,7,3,0,15,6,27.833333333333332,5,8,48,0,0,20.875,39.34426229508197,20.333333333333332
216,Shivam Sharma,165,114,0,0,0,0,0,0,4,41.25,5,12,37,0,0,13.75,32.45614035087719,28.5
217,T Thushara,164,144,7,2,0,3,0,12,8,20.5,6,15,57,0,0,10.933333333333334,39.58333333333333,18.0
218,FH Edwards,160,150,9,1,1,5,0,16,5,32.0,6,9,70,0,0,17.77777777777778,46.666666666666664,30.0
219,TS Mills,157,111,9,0,0,4,0,13,5,31.4,5,13,41,0,0,12.076923076923077,36.93693693693694,22.2
220,S Gopal,155,116,1,0,0,1,0,2,7,22.142857142857142,6,11,36,0,0,14.090909090909092,31.03448275862069,16.571428571428573
221,Shoaib Ahmed,154,103,1,0,0,2,0,3,5,30.8,7,12,33,0,0,12.833333333333334,32.038834951456316,20.6
222,P Suyal,154,107,7,4,1,2,0,14,2,77.0,5,10,36,0,0,15.4,33.64485981308411,53.5
223,P Sahu,152,107,2,0,4,2,0,8,3,50.666666666666664,5,9,24,0,0,16.88888888888889,22.429906542056074,35.666666666666664
224,T Shamsi,151,96,0,0,1,3,0,4,3,50.333333333333336,4,7,26,0,0,21.571428571428573,27.083333333333332,32.0
225,SB Wagh,147,108,6,0,2,8,0,16,5,29.4,8,4,45,0,0,36.75,41.66666666666667,21.6
226,AJ Tye,146,128,2,0,0,5,0,7,12,12.166666666666666,6,11,44,1,1,13.272727272727273,34.375,10.666666666666666
227,Ankit Soni,145,112,3,0,0,1,0,4,2,72.5,6,10,37,0,0,14.5,33.035714285714285,56.0
228,A Choudhary,144,108,6,1,0,0,0,7,5,28.8,5,12,42,0,0,12.0,38.88888888888889,21.6
229,AL Menaria,144,113,4,0,0,0,0,4,3,48.0,12,11,40,0,0,13.090909090909092,35.39823008849557,37.666666666666664
230,Gagandeep Singh,142,84,0,0,0,1,0,1,3,47.333333333333336,4,12,25,0,0,11.833333333333334,29.761904761904763,28.0
231,R Tewatia,141,128,2,0,0,2,0,4,6,23.5,7,9,50,0,0,15.666666666666666,39.0625,21.333333333333332
232,TP Sudhindra,137,74,3,1,1,0,0,5,1,137.0,3,10,18,0,0,13.7,24.324324324324326,74.0
233,C de Grandhomme,136,102,4,2,0,1,0,7,4,34.0,9,10,33,0,0,13.6,32.35294117647059,25.5
234,JJ van der Wath,134,76,2,2,0,5,0,9,3,44.666666666666664,3,9,29,0,0,14.88888888888889,38.15789473684211,25.333333333333332
235,AA Jhunjhunwala,130,88,3,0,0,1,0,4,1,130.0,10,13,27,0,0,10.0,30.681818181818183,88.0
236,RV Gomez,130,97,1,0,0,1,0,2,5,26.0,9,9,37,0,0,14.444444444444445,38.144329896907216,19.4
237,Y Nagar,125,72,4,4,0,0,0,8,4,31.25,8,6,16,0,0,20.833333333333332,22.22222222222222,18.0
238,LJ Wright,125,75,4,0,0,1,0,5,2,62.5,6,8,14,0,0,15.625,18.666666666666668,37.5
239,KMDN Kulasekara,122,107,5,0,0,2,0,7,5,24.4,5,10,45,0,0,12.2,42.05607476635514,21.4
240,DL Chahar,117,77,5,0,0,2,0,7,1,117.0,5,7,25,0,0,16.714285714285715,32.467532467532465,77.0
241,T Natarajan,116,82,6,0,0,1,0,7,2,58.0,6,10,24,0,0,11.6,29.268292682926827,41.0
242,AP Dole,114,73,6,1,0,2,0,9,5,22.8,3,9,20,0,0,12.666666666666666,27.397260273972602,14.6
243,DJ Muthuswami,108,84,0,0,0,7,0,7,4,27.0,6,8,44,0,0,13.5,52.38095238095239,21.0
244,A Flintoff,106,66,0,0,1,0,0,1,2,53.0,3,10,20,0,0,10.6,30.303030303030305,33.0
245,PD Collingwood,101,90,1,0,0,0,0,1,5,20.2,6,10,24,0,0,10.1,26.666666666666668,18.0
246,DNT Zoysa,100,69,1,2,0,1,0,4,2,50.0,3,6,24,0,0,16.666666666666668,34.78260869565217,34.5
247,WA Mota,98,75,2,1,0,1,0,4,4,24.5,7,7,24,0,0,14.0,32.0,18.75
248,Gurkeerat Singh,97,82,4,0,0,0,0,4,5,19.4,6,9,26,0,0,10.777777777777779,31.70731707317073,16.4
249,JDS Neesham,96,57,3,0,0,5,0,8,1,96.0,4,7,14,0,0,13.714285714285714,24.561403508771928,57.0
250,LH Ferguson,96,87,9,0,0,3,0,12,3,32.0,4,10,40,0,0,9.6,45.97701149425287,29.0
251,K Goel,94,67,1,0,1,0,0,2,0,0.0,6,6,19,0,0,15.666666666666666,28.35820895522388,inf
252,RN ten Doeschate,94,83,6,0,0,0,0,6,2,47.0,10,7,22,0,0,13.428571428571429,26.506024096385545,41.5
253,B Geeves,91,49,1,0,0,0,0,1,1,91.0,2,6,15,0,0,15.166666666666666,30.612244897959183,49.0
254,K Santokie,91,51,3,0,0,1,0,4,3,30.333333333333332,2,6,15,0,0,15.166666666666666,29.411764705882355,17.0
255,Swapnil Singh,90,61,1,0,0,0,0,1,1,90.0,5,6,10,0,0,15.0,16.39344262295082,61.0
256,D Kalyankrishna,88,50,2,0,0,1,0,3,2,44.0,3,6,10,0,0,14.666666666666666,20.0,25.0
257,Shoaib Malik,87,58,7,1,1,1,0,10,2,43.5,5,5,15,0,0,17.4,25.862068965517242,29.0
258,CL White,86,46,5,0,0,0,0,5,1,86.0,6,6,8,0,0,14.333333333333334,17.391304347826086,46.0
259,GS Sandhu,86,48,0,0,0,4,0,4,1,86.0,2,7,9,0,0,12.285714285714286,18.75,48.0
260,SB Joshi,82,55,0,0,0,0,0,0,1,82.0,4,7,18,0,0,11.714285714285714,32.72727272727273,55.0
261,K Upadhyay,81,56,2,0,0,0,0,2,0,0.0,3,7,20,0,0,11.571428571428571,35.714285714285715,inf
262,TM Head,81,48,0,0,0,0,0,0,2,40.5,5,7,7,0,0,11.571428571428571,14.583333333333334,24.0
263,KAJ Roach,80,52,3,1,0,0,0,4,0,0.0,2,7,20,0,0,11.428571428571429,38.46153846153847,inf
264,D Salunkhe,80,51,7,1,1,1,0,10,1,80.0,5,6,13,0,0,13.333333333333334,25.49019607843137,51.0
265,ND Doshi,79,57,1,0,0,0,0,1,2,39.5,4,10,24,0,0,7.9,42.10526315789473,28.5
266,AC Voges,76,56,2,0,0,0,0,2,0,0.0,7,7,15,0,0,10.857142857142858,26.785714285714285,inf
267,L Ablish,76,45,3,0,0,1,0,4,3,25.333333333333332,3,6,10,0,0,12.666666666666666,22.22222222222222,15.0
268,SM Harwood,74,67,12,0,0,1,0,13,3,24.666666666666668,3,8,33,0,0,9.25,49.25373134328358,22.333333333333332
269,MK Tiwary,73,38,2,0,0,0,0,2,1,73.0,5,4,9,0,0,18.25,23.684210526315788,38.0
270,B Laughlin,72,45,3,0,0,1,0,4,1,72.0,2,6,9,0,0,12.0,20.0,45.0
271,MJ Clarke,72,66,0,0,4,1,0,5,2,36.0,5,6,22,0,0,12.0,33.33333333333333,33.0
272,S Dhawan,72,49,1,0,4,2,0,7,4,18.0,6,6,17,0,0,12.0,34.69387755102041,12.25
273,Mohammad Hafeez,71,63,6,1,0,3,0,10,2,35.5,4,7,22,0,0,10.142857142857142,34.92063492063492,31.5
274,MJ Henry,71,31,1,0,0,0,0,1,1,71.0,2,4,7,0,0,17.75,22.58064516129032,31.0
275,B Stanlake,70,50,2,0,0,0,0,2,2,35.0,2,6,17,0,0,11.666666666666666,34.0,25.0
276,RJ Peterson,70,48,0,0,0,0,0,0,3,23.333333333333332,4,5,21,0,0,14.0,43.75,16.0
277,A Uniyal,67,38,2,0,0,1,0,3,2,33.5,2,5,8,0,0,13.4,21.052631578947366,19.0
278,AJ Finch,67,44,1,0,0,0,0,1,1,67.0,5,7,13,0,0,9.571428571428571,29.545454545454547,44.0
279,JW Hastings,66,61,2,1,0,0,0,3,3,22.0,3,7,31,0,0,9.428571428571429,50.81967213114754,20.333333333333332
280,R Ninan,65,36,0,0,0,0,0,0,3,21.666666666666668,2,4,8,0,0,16.25,22.22222222222222,12.0
281,RG More,63,37,2,0,0,4,0,6,1,63.0,2,6,4,0,0,10.5,10.81081081081081,37.0
282,AUK Pathan,63,41,6,0,0,0,0,6,0,0.0,3,6,9,0,0,10.5,21.951219512195124,inf
283,SD Chitnis,62,38,6,0,0,2,0,8,2,31.0,2,6,9,0,0,10.333333333333334,23.684210526315788,19.0
284,MG Neser,62,25,0,1,0,0,0,1,0,0.0,1,4,5,0,0,15.5,20.0,inf
285,VS Yeligati,61,32,6,0,0,2,0,8,0,0.0,2,4,6,0,0,15.25,18.75,inf
286,CJ McKay,60,42,0,0,0,0,0,0,1,60.0,2,7,14,0,0,8.571428571428571,33.33333333333333,42.0
287,SR Tendulkar,59,37,1,0,0,1,0,2,0,0.0,4,4,4,0,0,14.75,10.81081081081081,inf
288,RD Chahar,59,46,4,0,0,1,0,5,2,29.5,2,7,16,0,0,8.428571428571429,34.78260869565217,23.0
289,Mashrafe Mortaza,59,28,2,2,0,1,0,5,0,0.0,1,4,6,0,0,14.75,21.428571428571427,inf
290,Mohammad Nabi,59,66,0,0,0,1,0,1,2,29.5,3,8,34,0,0,7.375,51.515151515151516,33.0
291,C Nanda,58,50,2,0,0,1,0,3,2,29.0,3,8,13,0,0,7.25,26.0,25.0
292,JM Kemp,58,47,3,0,0,4,0,7,3,19.333333333333332,5,8,15,0,0,7.25,31.914893617021278,15.666666666666666
293,SA Abbott,57,32,2,0,0,0,0,2,0,0.0,2,4,6,0,0,14.25,18.75,inf
294,SM Boland,56,43,1,0,0,2,0,3,2,28.0,2,6,14,0,0,9.333333333333334,32.55813953488372,21.5
295,D du Preez,56,43,0,1,0,0,0,1,4,14.0,2,6,18,0,0,9.333333333333334,41.86046511627907,10.75
296,Shoaib Akhtar,54,46,4,0,0,0,0,4,5,10.8,3,3,23,1,0,18.0,50.0,9.2
297,MA Khote,52,30,0,0,0,1,0,1,2,26.0,2,4,5,0,0,13.0,16.666666666666664,15.0
298,S Sriram,49,18,0,0,0,0,0,0,0,0.0,2,3,2,0,0,16.333333333333332,11.11111111111111,inf
299,CK Kapugedera,49,17,0,0,0,0,0,0,0,0.0,3,3,0,0,0,16.333333333333332,inf,inf
300,M Vijay,49,37,1,0,0,0,0,1,0,0.0,4,6,8,0,0,8.166666666666666,21.62162162162162,inf
301,Sunny Gupta,47,19,2,0,0,0,0,2,0,0.0,1,3,0,0,0,15.666666666666666,inf,inf
302,AS Raut,45,30,0,0,0,1,0,1,0,0.0,5,4,6,0,0,11.25,20.0,inf
303,SS Agarwal,42,24,0,0,0,0,0,0,1,42.0,1,4,7,0,0,10.5,29.166666666666668,24.0
304,PM Sarvesh Kumar,42,31,1,0,0,0,0,1,1,42.0,2,5,11,0,0,8.4,35.483870967741936,31.0
305,M Manhas,42,42,0,0,0,0,0,0,0,0.0,3,7,15,0,0,6.0,35.714285714285715,inf
306,AA Noffke,41,25,5,0,0,1,0,6,1,41.0,1,4,6,0,0,10.25,24.0,25.0
307,T Henderson,41,36,0,0,1,0,0,1,1,41.0,2,5,14,0,0,8.2,38.88888888888889,36.0
308,DJ Thornely,40,44,2,0,0,0,0,2,3,13.333333333333334,4,5,19,0,0,8.0,43.18181818181818,14.666666666666666
309,GH Vihari,39,37,1,0,0,1,0,2,1,39.0,5,4,17,0,0,9.75,45.94594594594595,37.0
310,BMAJ Mendis,36,30,0,0,0,0,0,0,1,36.0,2,4,11,0,0,9.0,36.666666666666664,30.0
311,RR Bhatkal,35,12,0,0,0,0,0,0,0,0.0,1,2,0,0,0,17.5,inf,inf
312,NL McCullum,35,30,0,0,0,1,0,1,0,0.0,2,5,10,0,0,7.0,33.33333333333333,inf
313,Harmeet Singh (2),34,25,1,0,0,0,0,1,1,34.0,1,4,12,0,0,8.5,48.0,25.0
314,LMP Simmons,34,18,0,0,0,0,0,0,1,34.0,1,3,2,0,0,11.333333333333334,11.11111111111111,18.0
315,SS Sarkar,34,25,0,0,0,0,0,0,1,34.0,2,4,4,0,0,8.5,16.0,25.0
316,RW Price,33,18,0,0,0,0,0,0,0,0.0,1,3,1,0,0,11.0,5.555555555555555,inf
317,MB Parmar,33,19,1,0,0,0,0,1,0,0.0,1,3,4,0,0,11.0,21.052631578947366,inf
318,Tejas Baroka,33,21,0,0,0,0,0,0,0,0.0,1,4,6,0,0,8.25,28.57142857142857,inf
319,DAJ Bracewell,32,25,1,0,0,0,0,1,3,10.666666666666666,1,4,10,0,0,8.0,40.0,8.333333333333334
320,A Nel,31,18,0,0,0,0,0,0,1,31.0,1,3,7,0,0,10.333333333333334,38.88888888888889,18.0
321,Abdur Razzak,29,14,5,1,0,0,0,6,0,0.0,1,2,5,0,0,14.5,35.714285714285715,inf
322,GR Napier,28,24,0,0,0,1,0,1,1,28.0,1,4,8,0,0,7.0,33.33333333333333,24.0
323,DB Ravi Teja,28,18,0,0,0,0,0,0,1,28.0,2,3,4,0,0,9.333333333333334,22.22222222222222,18.0
324,DJ Harris,26,18,0,0,0,0,0,0,0,0.0,2,3,4,0,0,8.666666666666666,22.22222222222222,inf
325,RR Bose,24,12,0,0,0,0,0,0,0,0.0,1,2,5,0,0,12.0,41.66666666666667,inf
326,LRPL Taylor,24,13,1,0,0,0,0,1,0,0.0,2,2,0,0,0,12.0,inf,inf
327,Avesh Khan,24,24,0,0,0,1,0,1,1,24.0,1,4,11,0,0,6.0,45.83333333333333,24.0
328,I Malhotra,23,6,0,0,0,0,0,0,0,0.0,1,1,0,0,0,23.0,inf,inf
329,S Vidyut,22,13,1,0,0,0,0,1,1,22.0,1,2,5,0,0,11.0,38.46153846153847,13.0
330,LPC Silva,21,6,0,0,0,0,0,0,0,0.0,1,1,0,0,0,21.0,inf,inf
331,AA Kazi,21,13,1,0,0,0,0,1,0,0.0,1,2,2,0,0,10.5,15.384615384615385,inf
332,FY Fazal,20,12,0,0,0,0,0,0,0,0.0,2,1,1,0,0,20.0,8.333333333333332,inf
333,B Chipli,20,6,0,0,0,0,0,0,0,0.0,1,1,1,0,0,20.0,16.666666666666664,inf
334,NJ Rimmington,20,18,0,0,0,1,0,1,0,0.0,1,3,9,0,0,6.666666666666667,50.0,inf
335,V Shankar,19,6,0,0,0,0,0,0,0,0.0,1,1,1,0,0,19.0,16.666666666666664,inf
336,S Rana,18,16,0,0,0,0,0,0,0,0.0,3,3,5,0,0,6.0,31.25,inf
337,P Prasanth,18,6,0,0,0,0,0,0,0,0.0,1,1,3,0,0,18.0,50.0,inf
338,NB Singh,18,25,1,0,0,3,0,4,1,18.0,2,4,13,0,0,4.5,52.0,25.0
339,F du Plessis,16,6,0,0,0,0,0,0,0,0.0,1,1,0,0,0,16.0,inf,inf
340,C Munro,15,12,0,0,0,0,0,0,0,0.0,2,1,5,0,0,15.0,41.66666666666667,inf
341,C Ganapathy,13,6,0,0,0,0,0,0,0,0.0,1,1,1,0,0,13.0,16.666666666666664,inf
342,BJ Rohrer,12,7,1,0,0,0,0,1,0,0.0,1,1,1,0,0,12.0,14.285714285714285,inf
343,RA Tripathi,12,6,0,0,0,0,0,0,0,0.0,1,1,0,0,0,12.0,inf,inf
344,RA Shaikh,11,6,0,0,0,0,0,0,0,0.0,1,1,1,0,0,11.0,16.666666666666664,inf
345,RS Gavaskar,8,6,0,0,0,0,0,0,0,0.0,1,1,2,0,0,8.0,33.33333333333333,inf
346,SA Yadav,8,6,0,0,0,0,0,0,0,0.0,1,1,2,0,0,8.0,33.33333333333333,inf
347,Sachin Baby,8,10,0,0,0,0,0,0,2,4.0,2,2,5,0,0,4.0,50.0,5.0
348,Y Gnaneswara Rao,7,6,0,0,0,0,0,0,0,0.0,1,1,3,0,0,7.0,50.0,inf
349,KS Williamson,7,6,0,0,0,0,0,0,0,0.0,1,1,2,0,0,7.0,33.33333333333333,inf
350,SS Mundhe,6,7,1,0,0,0,0,1,1,6.0,1,1,4,0,0,6.0,57.14285714285714,7.0
351,LA Carseldine,6,7,1,0,0,0,0,1,1,6.0,1,1,4,0,0,6.0,57.14285714285714,7.0
352,AM Rahane,5,6,0,0,0,0,0,0,1,5.0,1,1,2,0,0,5.0,33.33333333333333,6.0
353,SPD Smith,5,2,0,0,0,0,0,0,0,0.0,1,1,0,0,0,5.0,inf,inf
354,N Rana,3,6,0,0,0,0,0,0,0,0.0,1,1,3,0,0,3.0,50.0,inf
355,AC Gilchrist,0,1,0,0,0,0,0,0,1,0.0,1,1,1,0,0,0.0,100.0,1.0
